6321;32765;1.#QNAN0
1001;32759;1*NOR
3368;32763;79.302727
194;1;1*OPEN
3011;32761;1*ON
5972;1;14.669859
5096;32732;3450.000000
6310;32765;50.969322
480;1;0*OFF
5608;1;1*WARNING
2178;32765;443.816025
3180;32763;0.254826
5924;1;49.383617
147;1;0*OFF
712;1;33.500000
3051;32763;-0.008729
3146;32763;67.430717
2414;32760;0*LOCAL
1844;32748;0*ABNOR
3847;32759;1*NORMAL
2553;32760;0*OFF
6569;1;-1.632653
476;1;1*CLOSE
1283;32759;1*NORMAL
1618;32748;1*NORMAL
6025;1;75.309998
990;32759;1*NORMAL
707;1;7.525000
3415;32763;170.336646
1760;32765;0.000000
261;1;0*OFF
5951;1;0.000000
6261;32753;156.211670
3271;32761;1*NORMAL
1348;32762;0.000000
2654;32760;1.#QNAN0
2934;32759;1*REMOTE
6522;1;0*OFF
1363;32759;0*OFF
227;1;0*NORMAL
5862;1;0.001197
544;1;1*ON
2719;32763;0.148483
278;1;0*OFF
3833;32761;1*NORMAL
1632;32765;1*NORMAL
2657;32739;1*RUN
1771;32760;0.000000
1882;32760;1*REMOTE
125;1;0*ECC
2168;32763;21.915543
3905;32760;1*STBY
2961;32765;0.764631
3025;32760;1*NORMAL
2691;32763;1.479111
3480;32763;0.649472
508;1;0*OFF
2389;32759;1*PROP
1306;32764;-153.097500
1865;32748;1*NORMAL
3783;32759;1*NORMAL
110;1;0*NORMAL
626;1;-85.590000
2170;32765;148.807434
3241;32761;1*NORMAL
1362;32761;0*CLOSE
223;1;0*NORMAL
2667;32748;1*NORMAL
2234;32759;1*NORMAL
722;1;11.227500
3114;32759;1*NORMAL
5676;1;0*NORMAL
1408;32748;0*NOR
3800;32759;1*NORMAL
5094;32763;3448.019457
987;32759;1*NORMAL
313;1;0*OFF
5299;32748;0*ABNORMAL
1967;32765;-1.021653
3126;32763;26.492599
3154;32763;28.019287
5633;1;0*NORMAL
5055;32763;10.192734
3041;32765;9.496560
2440;32759;1*OPEN
5080;32732;7.545456
6591;1;6.600000
5268;32748;1*NORMAL
6029;1;32.349998
2671;32748;1*NORMAL
6061;1;0.520000
3138;32763;73.774627
495;1;0*OFF
2720;32763;-1.900909
159;1;0*NON
647;1;-159.950000
220;1;0*NORMAL
6456;1;1*ON
5034;32765;72.344315
482;1;1*AUTO
118;1;1*RUN
584;1;1*ON
5941;1;2.923820
6403;1;0*OFF
6416;1;0*OFF
6397;1;1*ON
1212;32763;0.338507
6104;1;3.190000
1282;32759;1*NORMAL
1768;32760;1.572680
4964;32748;1*NORMAL
3486;32763;1.176922
1415;32761;1*NOR
1190;32763;13.113451
1394;32761;1*NORMAL
619;1;-159.960000
6081;1;0.000000
6101;1;0.000000
6007;1;3756.279785
2776;32763;-54.434402
2308;32759;0*NORMAL
3444;32759;1*NORMAL
3930;32760;1*REMOTE
2210;32760;1*NORMAL
2317;32757;0*FAIL
6228;1;0*NORMAL
2143;32763;35.851974
2743;32763;6.212372
1881;32759;1*ST_BY
1836;32748;1*NOR
1968;32765;0.142828
1635;32748;1*NORMAL
3112;32759;1*NORMAL
3922;32760;1*REMOTE
171;1;0*NORMAL
3899;32760;1*STBY
3245;32759;1*NORMAL
378;1;0*NORMAL
172;1;0*NORMAL
6424;1;0*OFF
635;1;-133.860000
292;1;1*OPEN
5868;1;0.000000
5662;1;1*CLOSE
6005;1;3621.790039
3171;32765;39.717885
545;1;0*OFF
6037;32763;2252.029785
3409;32759;1*NORMAL
726;1;1102.240000
1141;32750;0*OFF
2167;32763;95.670242
1281;32759;1*NORMAL
2730;32763;-47.728760
2265;32761;1*NORMAL
3248;32760;1*NORMAL
2496;32765;0.000000
3875;32759;1*NORMAL
460;1;1*CLOSE
2224;32758;1*NORMAL
6504;1;1*ON
287;1;1*OPEN
6394;1;1*ON
5707;1;0*NORMAL
3676;32763;41.305973
2359;32760;1*REMOTE
144;1;0*OFF
2156;32763;33.494156
1433;32761;0*OFF
3056;32763;12.845831
1385;32761;1*NORMAL
6110;1;0.900000
6488;1;1*ON
341;1;0*NORMAL
1748;32759;1*NORMAL
3173;32760;1*NORMAL
3034;32748;1*NORMAL
322;1;0*NORMAL
2563;32748;1*NORMAL
3755;32759;1*NORMAL
593;1;1*ON
496;1;0*OFF
5584;1;1*WARNING
1188;32763;12.727308
2791;32763;36.455364
1127;32748;1*NORMAL
197;1;1*OPEN
2741;32763;9.741119
2839;32759;0.000000
3172;32759;1*NORMAL
6539;1;28.216553
6415;1;0*OFF
488;1;0*OFF
5718;1;-28.058558
4956;32748;1*NORMAL
5533;1;0*NONE
2236;32759;1*NORMAL
433;1;0*OFF
112;1;1*RUN
599;1;1*ON
3439;32758;1*NORMAL
6557;1;-0.204082
6089;1;0.000000
6195;1;0*NONE
5628;1;0*NORMAL
3308;32748;1*NORMAL
6063;1;0.521000
6385;1;1*ON
2205;32748;1*NORMAL
3253;32759;1*NORMAL
2705;32763;-82.937378
5020;1;1*ON
3390;32760;1*CLOSE
1300;32758;9.905350
1693;32758;1*NORMAL
2392;32761;0*OFF
185;1;0*OFF
2266;32759;1*NORMAL
2499;32763;0.109827
3879;32763;1.#QNAN0
3708;32763;6.475153
6358;1;12.802713
2430;32760;1*OFF
6253;32763;0*NONE
6338;32762;-54.172928
175;1;0*NORMAL
5541;32763;1*NORMAL
5631;1;0*NORMAL
3739;32759;1*NORMAL
3573;32765;6.198460
3939;32761;0*FOLL
3238;32761;1*NORMAL
504;1;1*MANE
2795;32763;-76.445465
3160;32763;21.647720
2914;32765;0*OFF
6157;32763;0*ABNOR
2683;32763;9.125366
2289;32760;1*NORMAL
2632;32745;0*ST_BLK
2131;32763;1.#QNAN0
5596;1;0*NORMAL
3844;32759;1*NORMAL
1395;32760;1*NORMAL
5007;1;0*OFF
3825;32759;1*NORMAL
2842;32760;0.000000
5105;32710;0.140486
1080;32761;0*CLOSE
441;1;0*NORMAL
3511;32748;1*NORMAL
344;1;0*NORMAL
6461;1;0*OFF
6567;1;11.836734
5551;1;0.800000
348;1;0*NORMAL
5635;1;0*NORMAL
5626;1;0*NORMAL
547;1;0*OFF
537;1;1*ON
2801;32763;1.499603
160;1;0*NORMAL
1019;32763;-0.603300
6340;32765;11.460531
1463;32760;1*REMOTE
3358;32748;0*OFF
6435;1;0*OFF
2929;32760;1*REMOTE
3389;32724;1*OPEN
6510;1;1*ON
5689;1;0*NORMAL
579;1;1*ON
1151;32765;14.177000
6232;1;0*NORMAL
586;1;0*OFF
2896;32759;1*NORMAL
3858;32759;1*NORMAL
2438;32760;0*CLOSE
6476;1;1*ON
727;1;1112.200000
317;1;0*NORMAL
3831;32761;1*NORMAL
1709;32763;0.366872
5590;1;1*CLOSE
6042;1;22.079998
281;1;0*OFF
4961;32748;1*NORMAL
2712;32763;4.551865
6176;1;0.000000
5566;1;0*NONE
5965;1;1.073970
3668;32763;45.134323
1640;32759;1*NORMAL
1860;32758;1*NORMAL
1064;32761;0*OFF
5669;1;0*NONE
5225;32732;26.637009
512;1;0*OFF
2700;32763;-58.393677
178;1;0*NORMAL
423;1;0*OFF
5917;1;0.000000
1374;32761;1*NORMAL
256;1;0*OFF
2613;32765;98.252291
1466;32759;0*OFF
3849;32759;1*NORMAL
4985;32748;0*NOR
1136;32694;0*OFF
1459;32760;1*REMOTE
2200;32759;0*ABNORMAL
1629;32759;1*NORMAL
1626;32759;1*NORMAL
6224;1;0*NORMAL
5293;32748;1*NORMAL
551;1;0*OFF
3167;32763;26.772736
331;1;0*NORMAL
2605;32763;0.630865
483;1;1*AUTO
1376;32748;1*NORMAL
6185;1;0.000000
1239;32760;0*ST_BLK
3449;32759;1*NORMAL
2285;32761;1*NORMAL
372;1;0*NORMAL
552;1;0*OFF
5605;1;0*NONE
470;1;0*OFF
380;1;0*NORMAL
4999;1;1*ON
1437;32748;1*AVAIL
2837;32760;95.427582
3120;32763;25.791214
1213;32763;0.093704
2964;32748;1*NORMAL
2617;32763;13.194949
5711;1;0.000000
4954;32759;0*ESD
3659;32763;142.271988
2544;32760;0*OFF
3317;32759;1*NORMAL
2762;32763;9.700058
6023;1;165.559998
2329;32758;1*NORMAL
3042;32763;-0.098893
5670;1;1*CLOSE
1380;32761;1*NORMAL
2820;32748;1*NORMAL
3756;32759;1*NORMAL
6098;1;4.980000
3038;32765;68.398659
1880;32760;1*REMOTE
2731;32763;-61.444580
310;1;1*ON
3447;32759;1*NORMAL
2564;32758;1*NORMAL
2531;32765;0.000000
2273;32761;1*NORMAL
2928;32760;1*REMOTE
502;1;0*CALM
2615;32763;127.191187
207;1;0*OFF
6445;1;0*OFF
464;1;0*OFF
746;1;6.922500
5500;1;0*NORMAL
5931;1;0.000563
374;1;0*NORMAL
6407;1;0*OFF
3269;32761;1*NORMAL
363;1;0*NORMAL
1445;32761;0*OFF
555;1;0*OFF
5224;32761;1*NORMAL
6327;32763;0*OPEN
546;1;1*ON
333;1;0*NORMAL
6189;1;1.000000
3748;32759;0*ABNORMAL
6443;1;0*OFF
3911;32761;0*CLOSE
196;1;1*OPEN
2979;32765;0.700000
1864;32748;1*NORMAL
2886;32761;1*NORMAL
337;1;0*NORMAL
5526;1;0*NONE
5602;1;0*NORMAL
1210;32763;3.414934
6334;32763;0*UNLOAD
297;1;0*OFF
6234;1;0*NORMAL
2827;32765;0.000000
3069;32765;110.904977
719;1;23.780000
1627;32759;1*NORMAL
3525;32765;9.078269
6335;32732;2.564499
645;1;-159.970000
3148;32763;39.147915
2786;32763;-78.777435
6537;1;0*OFF
3030;32759;1*NORMAL
589;1;1*ON
5632;1;1*WARNING
6299;32765;1.#QNAN0
1467;32760;1*REMOTE
1000;32759;1*NOR
736;1;46.100000
3806;32759;1*NORMAL
5006;1;0*OFF
2789;32765;30.596733
6028;1;24.430000
2836;32760;0.000000
129;1;0*OFF
6426;1;0*OFF
3433;32757;1*NORMAL
2986;32748;1*NORMAL
3440;32758;1*NORMAL
1432;32760;1*REMOTE
1183;32765;12.795045
3052;32763;0.001343
5040;32763;46.711624
3803;32759;0*NORMAL
2992;32765;1.055717
2291;32759;1*NORMAL
2248;32761;1*NORMAL
5650;1;0*NORMAL
6532;1;1*ON
1078;32761;0*CLOSE
6333;32761;0*OFF
3184;32763;0.978428
911;1;0.000000
3036;32748;0*VLOW
3286;32759;1*NORMAL
6165;1;0.000000
1280;32759;1*NORMAL
5641;1;0*NORMAL
1698;32763;1.782479
5528;1;0*NONE
6442;1;1*ON
1195;32763;19.291115
357;1;0*NORMAL
2425;32761;1*REMOTE
3787;32748;1*NORMAL
228;1;0*NORMAL
154;1;0*NORMAL
534;1;0*OFF
2439;32759;1*OPEN
612;1;112.000000
5668;1;0*NORMAL
275;1;0*OFF
1045;32765;-0.245388
2172;32759;1*NORMAL
253;1;1*RUN
6386;1;1*ON
1003;32761;1*NORMAL
1124;32748;1*NORMAL
243;1;0*CLOSE
3144;32763;73.479332
2785;32763;-57.108063
550;1;0*OFF
2711;32763;6.232864
5866;1;0.000000
1733;32765;0*STOP
5603;1;0*NORMAL
3063;32763;60.202492
2871;32748;0*OFF
6465;1;0*OFF
6033;32763;3621.790039
349;1;0*NORMAL
5955;1;1881.000000
6494;1;1*ON
5630;1;1*CLOSE
1762;32765;0.000000
2209;32748;1*NORMAL
709;1;23.814000
6238;1;1.000000
1004;32761;1*NORMAL
2506;32765;0.000000
1070;32761;0*OFF
5915;1;0.174180
1302;32758;8.427643
5647;1;0*NORMAL
2533;32765;2642.721274
1649;32736;0*OFF
1007;32761;1*NORMAL
5671;1;0*NORMAL
1199;32759;1.#QNAN0
2269;32759;1*NORMAL
3164;32763;39.288376
2870;32761;1*NORMAL
3223;32761;1*NORMAL
3471;32765;-8.685608
5054;32732;-65.393402
1772;32765;0.000000
6096;1;9.680000
5567;1;0*NORMAL
321;1;0*NORMAL
5932;1;0.000000
6486;1;1*ON
2130;32765;1.#QNAN0
2679;32763;38.416149
1633;32759;1*NORMAL
1638;32748;1*NORMAL
6073;1;0.000000
1371;32761;0*OFF
3667;32763;49.058182
2161;32763;166.916519
2198;32759;1*NORMAL
3921;32760;0*LOCAL
6105;1;0.000000
3130;32763;26.554489
3111;32759;1*NORMAL
5481;32765;24.001282
6006;1;3745.540039
6551;1;0.004895
6446;1;0*OFF
6545;1;0*OFF
3853;32759;1*NORMAL
1699;32759;1*NORMAL
6519;1;0*OFF
2075;32746;0*OFF
1853;32759;1*NOR
1299;32758;8.653351
3044;32763;-0.089153
128;1;0*NORMAL
2146;32763;36.348587
6317;32740;24.284957
910;1;0.000000
3293;32759;1*NORMAL
3272;32760;1*NORMAL
5151;32762;0*ABNORMAL
2368;32760;0*OFF
1332;32762;0.000000
6517;1;0*OFF
3104;32750;0*STOP
1646;32678;0*OFF
370;1;0*NORMAL
5849;1;1842.794922
1706;32763;0.036166
1175;32747;1*NORMAL
3933;32759;1*STBY
906;1;300.000000
6513;1;0*OFF
3301;32761;0*NORMAL
3255;32759;1*NORMAL
5838;1;1797.134644
3285;32760;1*NORMAL
2903;32759;1*NORMAL
1020;32763;0.566769
1215;32763;12.806225
568;1;1*ON
3770;32759;1*NORMAL
427;1;0*OFF
5090;32732;1238.119377
5315;32744;35.417557
3913;32761;0*CLOSE
327;1;0*NORMAL
715;1;58.520000
6003;1;2249.020020
6205;1;0*NORMAL
463;1;0*OFF
3877;32760;1*NORMAL
3222;32748;1*NORMAL
1112;32759;1*NORMAL
3243;32761;1*NORMAL
2245;32759;1*NORMAL
3860;32759;1*NORMAL
1831;32761;0*OFF
2383;32761;1*CLOSE
3294;32759;1*NORMAL
6570;1;-0.918367
2341;32748;1*NORMAL
556;1;0*OFF
542;1;0*OFF
2687;32763;7.771103
2148;32763;35.479568
2064;32765;0.021881
3040;32765;10.330736
6170;1;1.242133
1052;32748;0*OFF
3485;32678;0*OFF
2777;32763;-39.127167
3066;32763;129.234638
6087;1;0.000000
2660;32758;1*NORMAL
5652;1;0*NORMAL
651;1;19899.000000
2217;32748;1*NORMAL
3017;32748;0*HIGH
2435;32765;-0.169294
5684;1;0*NORMAL
1305;32756;14.301254
3694;32763;163.308212
5579;1;0*NORMAL
3813;32758;0*OFF
4994;1;1*ON
2606;32763;11.804271
732;1;34.525000
3374;32748;1*CLOSE
648;1;12884.000000
2882;32761;1*NORMAL
2877;32759;0*OFF
698;1;0.000000
2155;32763;35.355484
3022;32761;1*NORMAL
6458;1;1*ON
5035;32765;42.997910
4965;32761;1*NORMAL
5672;1;1*WARNING
5291;32748;1*NORMAL
187;1;0*OFF
5009;1;0*OFF
6318;32765;-3.710781
2507;32765;0.000000
3461;32758;1*NORMAL
5294;32748;1*NORMAL
3073;32764;68.285713
6114;32765;0.316254
5842;1;35.403290
6390;1;0*OFF
2838;32760;0.000000
2599;32763;1.669772
4950;32764;0*ALARM
451;1;0*OFF
6595;1;17.927174
5682;1;0*NORMAL
5910;1;4.762500
2008;32748;0*HIGH
2152;32763;36.327927
3177;32748;1*NORMAL
4947;32757;0.000000
1886;32748;1*REMOTE
1414;32761;1*NORMAL
2387;32759;0*OFF
3611;32685;0*OFF
5709;1;1*WARNING
1651;32763;3.852571
304;1;0*OFF
2488;32748;1*NOR
3526;32763;3.502952
1057;32760;0*OFF
1286;32763;61.316513
2272;32759;1*NORMAL
3923;32759;1*STBY
6577;1;9.795918
6364;1;0.000000
3192;32760;46.086449
5978;1;49.863113
2758;32763;-80.191437
5876;1;0.086647
6574;1;-0.204082
5715;1;0.000000
5864;1;0.000286
6048;1;26.599998
6179;1;0.000000
2966;32765;8.141983
2567;32765;1*NORMAL
3281;32759;1*NORMAL
3689;32763;46.564548
2514;32765;0.000000
5659;1;0*NORMAL
3302;32761;0*NORMAL
3648;32760;1*NORMAL
309;1;1*ON
2915;32765;1*INHIBIT
3909;32761;0*OFF
2960;32765;1.919615
634;1;-136.760000
5911;1;7.875000
2478;32765;0.217915
6556;1;19899.000000
5498;32763;100.039093
6324;32765;0.045859
2367;32760;1*REMOTE
1051;32748;1*NOR
3732;32748;1*NORMAL
2790;32763;37.511902
5016;1;0*OFF
1284;32759;1*NORMAL
6469;1;0*OFF
2340;32748;1*NORMAL
3375;32761;1*OPEN
259;1;1*GAS
6172;1;0.996800
3137;32763;47.542068
2910;32765;0*OFF
2068;32765;-1.021662
2545;32748;0*OFF
554;1;0*OFF
5930;1;0.000000
127;1;1*RUN
5486;32763;1.348990
2747;32763;-2.146408
6391;1;0*OFF
513;1;0*OFF
5051;32765;-71.375198
453;1;0*OFF
6587;1;9.591837
6203;1;0*NORMAL
6399;1;1*ON
1386;32761;1*NORMAL
306;1;0*OFF
3264;32761;1*NORMAL
5989;1;36.099747
3337;32761;0*NORMAL
6161;1;2.000000
3156;32763;26.451340
654;1;0.000000
6168;1;445.000000
2659;32758;1*NORMAL
5011;1;0*OFF
2339;32748;1*NORMAL
6001;1;0.260000
3324;32747;0*NORMAL
3470;32765;-8.402206
6492;1;1*ON
6174;1;-200.000000
5599;1;0*NORMAL
3181;32763;0.272489
6158;32763;0*ALARM
3661;32763;164.599289
2145;32763;36.348587
3054;32763;1.004705
560;1;0*OFF
3493;32765;685.448456
276;1;0*OFF
3296;32759;1*NORMAL
5625;1;0*NORMAL
5952;1;0.000000
1342;32756;0.000000
5535;1;0*NORMAL
1878;32759;1*AVAIL
5183;32746;1*NOR
3761;32759;1*NORMAL
2059;32765;733.253012
2895;32748;0*NORMAL
535;1;0*OFF
1746;32739;0*STOP
343;1;0*NORMAL
1110;32759;1*NORMAL
265;1;0*ECR
2891;32748;1*NORMAL
2504;32765;0.003570
6011;1;0.250000
3549;32765;127.604884
6579;1;10.204081
1854;32748;0*ABNOR
2802;32763;4.613358
2390;32759;0*OFF
381;1;1*RUN
1655;32679;0*OFF
5574;1;0*NONE
639;1;-159.970000
1636;32761;1*NORMAL
621;1;-109.610000
2157;32763;36.120987
2760;32763;-64.572067
2338;32748;1*NORMAL
4958;32748;1*NORMAL
523;1;0*OFF
320;1;0*NORMAL
2754;32763;-43.209045
4980;32748;0*NOR
5000;1;0*OFF
3625;32684;1*NORMAL
2899;32761;1*NORMAL
3386;32760;1*OPEN
6067;1;0.000000
251;1;0*ECR
2249;32759;1*NORMAL
3492;32763;0.707818
5258;32765;0.000000
2426;32760;0*LOCAL
3932;32760;1*REMOTE
3744;32748;1*NORMAL
2325;32758;1*NORMAL
6186;1;0.000000
2841;32760;0.000000
2948;32763;68.528000
2378;32759;0*OFF
3385;32760;1*OPEN
5008;1;0*OFF
1744;32741;0*STOP
1471;32759;0*OFF
1861;32759;1*NORMAL
478;1;1*CLOSE
424;1;0*OFF
3236;32759;1*NORMAL
748;1;11.767500
5611;1;0*NORMAL
6102;1;3.190000
6207;1;0*NORMAL
6499;1;1*ON
3384;32761;1*OPEN
3653;32759;1*NORMAL
1287;32763;27.008438
2585;32745;1*NORMAL
443;1;0*NORMAL
708;1;0.053750
907;1;900.000000
1025;32763;-50.000000
1307;32764;-154.167500
2803;32763;-5.634857
3902;32760;1*REMOTE
1350;32760;0.000000
2611;32763;99.479286
1648;32679;0*OFF
3347;32761;1*AUTO
369;1;0*NORMAL
5552;1;1.600000
3032;32759;1*NORMAL
3846;32748;1*NORMAL
191;1;1*OPEN
5132;32763;0*UNLOAD
2493;32763;12.171703
5061;32765;-66.975250
2134;32759;1*NORMAL
1249;32759;0*ST_BLK
5612;1;0*NORMAL
3548;32763;29.459501
2216;32748;1*NORMAL
2299;32759;1*NORMAL
3948;32760;0*OPEN
177;1;0*NORMAL
1444;32760;1*REMOTE
3681;32763;42.500290
6356;1;2523.953347
3660;32763;132.113876
607;1;14.177000
1229;32760;0*ST_BLK
2770;32763;8.017303
538;1;0*OFF
5950;1;50.223244
6169;1;1.126000
6039;32763;0.000000
2371;32760;0*OFF
239;1;0*NORMAL
264;1;1*AUTO
2665;32748;1*NORMAL
3322;32759;1*NORMAL
6479;1;0*OFF
258;1;0*OFF
5719;1;5785928.000000
6051;1;0.000000
3680;32763;14.445175
6400;1;1*ON
2826;32763;-0.107515
2528;32765;0.000000
6288;32765;1.898196
6269;32763;28.552383
2344;32765;1.001666
2267;32760;1*NORMAL
6497;1;1*ON
1716;32763;-0.017014
2733;32763;-54.997482
1366;32761;1*NORMAL
3244;32759;1*NORMAL
345;1;0*NORMAL
3786;32759;1*NORMAL
734;1;10.968750
1041;32763;12.267830
260;1;0*OFF
5964;1;0.483538
1847;32760;0*ABNOR
2304;32758;1*NORMAL
6017;1;22.329998
1349;32760;0.000000
3785;32760;1*ALARM
452;1;0*OFF
2757;32763;-51.697708
1596;32763;-0.077292
2799;32763;6.581482
6353;1;12.834944
1769;32760;0.000000
229;1;0*NORMAL
2512;32765;0.000000
733;1;58.540000
5049;32762;-35.586288
1049;32748;1*NORMAL
111;1;0*NORMAL
282;1;0*OFF
3276;32755;0*NORMAL
5966;1;45.567673
2577;32748;1*NORMAL
2688;32763;4.592865
2977;32764;0.000000
168;1;0*NORMAL
2381;32759;0*OFF
3737;32760;1*NORMAL
6533;1;0*OFF
312;1;0*OFF
541;1;0*OFF
1024;32758;-0.335491
5857;1;18257092608.000000
3898;32760;1*REMOTE
6423;1;0*OFF
3150;32763;35.045181
1111;32759;1*NORMAL
5942;1;0.070868
474;1;0*OFF
6357;1;4.325848
3432;32757;1*NORMAL
2124;32748;0*STOP
2798;32763;4.941284
3423;32764;3210.124490
2482;32758;-0.014170
1774;32760;1.770589
216;1;0*NORMAL
188;1;1*OPEN
597;1;0*OFF
1979;32765;60.120441
6463;1;0*OFF
3491;32763;6.347394
3816;32758;0*OFF
1120;32748;1*NORMAL
3367;32763;48.712494
5906;1;2348.000000
3924;32760;1*REMOTE
6272;32763;26.295645
5476;32760;18.087845
1391;32748;0*OFF
2284;32761;1*NORMAL
6448;1;0*OFF
3113;32759;1*NORMAL
3762;32761;1*NORMAL
526;1;0*OFF
5696;1;1*WARNING
3690;32763;119.736710
1279;32759;1*NORMAL
2251;32759;1*NORMAL
3916;32748;1*REMOTE
5992;1;42.800041
730;1;471.450000
6554;1;23103.000000
1202;32765;0.597290
3907;32760;1*EMERGNCY
1191;32763;12.962770
6564;1;-0.612245
2332;32748;1*NORMAL
5887;1;0.691693
5990;1;12.087181
2479;32765;-1.289636
1412;32748;0*OFF
3769;32759;1*NORMAL
5028;32764;1*NORMAL
3859;32759;1*NORMAL
4971;32747;1*NORMAL
1834;32760;1*NOR
3854;32748;1*NORMAL
2922;32759;1*REMOTE
208;1;0*OFF
1044;32765;-3.299366
3747;32759;1*NORMAL
6090;1;20.590000
1185;32763;12.768268
6348;1;1*ON
1461;32760;1*ON
649;1;23103.000000
1367;32748;0*OFF
6274;32763;35.834160
1829;32748;1*NORMAL
230;1;0*NORMAL
6183;1;0.000000
2931;32760;1*ON
3142;32763;75.383520
5595;1;0*NORMAL
705;1;23.375000
3047;32765;60.187771
3141;32763;80.053299
6387;1;1*ON
3682;32763;52.549942
3448;32759;1*NORMAL
3835;32759;1*NORMAL
6320;32765;0.045859
272;1;1*SET
6428;1;0*OFF
1290;32763;3.240479
2911;32765;0*OFF
609;1;-0.070000
3366;32763;1.#QNAN0
1644;32763;8.658798
3329;32759;1*NORMAL
2419;32760;0*LOCAL
2822;32748;1*NORMAL
2935;32748;1*REMOTE
3106;32765;0.032638
3159;32763;52.383591
1992;32765;0.476062
3057;32765;110.991214
2422;32760;0*OFF
1387;32748;0*OFF
5645;1;0*NONE
195;1;1*OPEN
6004;1;3605.929688
6187;1;1000.000000
3442;32759;1*NORMAL
425;1;0*OFF
3152;32763;33.142685
3791;32759;1*NORMAL
6598;32763;1.#QNAN0
5934;1;0.000000
1654;32678;0*OFF
1857;32761;0*NOR
6230;1;0*NOT_DEF
3628;32715;0*STOP
151;1;0*OFF
6381;1;1*ON
3780;32761;1*NORMAL
2869;32765;1*NORMAL
238;1;0*NORMAL
6541;1;0*OFF
3026;32748;1*NORMAL
5702;1;2.200000
2768;32763;15.719894
959;32748;1*NORMAL
2565;32759;1*NORMAL
6223;1;0*NOT_DEF
6472;1;1*ON
3191;32765;0.000000
274;1;0*OFF
290;1;1*OPEN
617;1;-159.990000
3946;32763;60.570656
6562;1;6.938775
759;1;14.413000
6359;1;0.000000
2594;32763;14.509726
606;1;14.464000
3759;32760;1*NORMAL
1187;32763;12.878799
908;1;100.000000
3570;32765;2.591225
564;1;0*OFF
5701;1;0.500000
572;1;1*ON
2070;32765;-0.974363
2177;32765;-0.514135
3227;32761;1*NORMAL
6590;1;29.000000
3341;32763;0.184971
6526;1;0*OFF
5570;1;0*NORMAL
5546;1;48.000000
6062;1;23.594997
3357;32747;1*ENGAGE
3510;32759;1*NORMAL
2905;32759;1*NORMAL
2215;32748;1*NORMAL
5948;1;0.001468
2550;32760;1*BOIL_OFF
571;1;0*OFF
1617;32761;1*NORMAL
2290;32759;1*NORMAL
2477;32761;1*NORMAL
3474;32752;0*OFF
2321;32762;1*NORMAL
2376;32759;1*MSBD
5557;1;2.500000
6566;1;15.714285
2669;32748;1*NORMAL
1859;32759;1*NORMAL
620;1;-106.750000
2643;32758;13.602877
3307;32759;1*NORMAL
6278;32763;53.516376
3940;32761;0*FOLL
1054;32760;0*OFF
6173;1;-200.000000
5947;1;0.000105
113;1;0*NORMAL
3771;32761;0*BACKUP
2725;32763;-66.915192
267;1;1*OPEN
1151;32752;0*OFF
1840;32759;1*NORMAL
3478;32765;5.692955
446;1;1*NORMAL
5962;1;14.463999
5486;32656;1*ON
6596;1;0.000000
1298;32756;9.987473
1560;32759;0.000000
2226;32759;1*NORMAL
3746;32761;1*NORMAL
6594;1;0.000000
717;1;59.560000
5658;1;0*NORMAL
6593;1;994.000000
3407;32748;1*NORMAL
155;1;0*NORMAL
153;1;0*NORMAL
5683;1;0*NORMAL
6078;1;6.099999
2154;32763;35.500290
1703;32759;1*NORMAL
5125;32763;0*UNLOAD
5616;1;1*WARNING
3706;32759;1*NORMAL
1883;32759;0*NON
5873;1;97.679893
5069;32765;10.551102
2549;32765;0*MAN
2361;32760;0*OFF
6084;1;6.099999
2498;32765;0.477955
6379;1;0.600000
6227;1;0*NORMAL
6382;1;0*OFF
6308;32765;44.842838
5721;1;252782.328125
2370;32760;1*MSBD
426;1;0*NORMAL
6521;1;0*OFF
5251;32765;97.738091
6573;1;-1.122449
2201;32748;1*NORMAL
2388;32759;0*OFF
2235;32760;1*ALARM
2805;32763;30.972702
6414;1;0*OFF
315;1;0*NORMAL
1841;32748;1*NORMAL
2674;32758;0*L_LOW
3039;32765;10.429027
4998;1;1*ON
5840;1;1243.065063
3340;32763;0.399145
371;1;0*NORMAL
1026;32759;1*NORMAL
2057;32758;1*NORMAL
2004;32765;98.430880
3275;32761;1*NORMAL
3060;32763;0.457944
2227;32758;1*NORMAL
1161;32759;1*ON
2912;32765;1*NON
3023;32759;1*NORMAL
6471;1;1*ON
1976;32765;2212.780000
5994;1;11.211575
3182;32763;0.274435
5095;32732;2211.880623
3743;32764;1*NORMAL
2363;32761;0*OFF
143;1;1*ON
2169;32763;34.962418
2737;32763;7.689056
1103;32759;1*NORMAL
5694;1;1*CLOSE
2151;32763;36.183060
4993;1;1*ON
448;1;1*NORMAL
6116;32765;0.280000
176;1;0*NORMAL
6485;1;1*ON
5185;32747;0*ABNOR
1272;32760;0*DISCONN
6322;32765;0.022380
5975;1;0.232891
2926;32760;0*LOCAL
6450;1;1*ON
469;1;0*OFF
5867;1;0.000000
2485;32758;-0.035424
3188;32760;1.693928
1710;32763;0.420775
2158;32763;36.141678
2941;32761;1*REMOTE
625;1;-82.040000
2228;32759;1*NORMAL
1122;32748;1*NORMAL
5640;1;1*WARNING
3109;32759;1*NORMAL
1697;32763;1.727152
1766;32765;0.000000
3643;32763;2.495502
3061;32763;21.707678
1657;32678;0*OFF
358;1;0*NORMAL
5493;32765;35.645096
752;1;1110.540000
3889;32748;1*REMOTE
3024;32759;1*NORMAL
3362;32760;0*OFF
5925;1;99.165405
1765;32760;0.000000
6111;1;0.000000
1085;32748;1*NORMAL
3013;32761;1*ON
2060;32765;1.379245
6493;1;1*ON
1067;32760;0*OFF
2658;32760;0*DISCONN
4951;32748;1*NORMAL
3395;32765;154.657316
1875;32759;1*AVAIL
567;1;0*OFF
519;1;0*OFF
3471;32679;1*ON
437;1;0*OFF
5968;1;33.335686
2297;32759;1*NORMAL
102;1;0*NORMAL
2420;32760;0*LOCAL
3764;32765;1*NORMAL
1736;32752;0*STOP
3408;32759;1*NORMAL
232;1;0*NORMAL
1073;32761;0*OFF
5893;1;0.000000
3445;32748;1*NORMAL
3795;32748;1*NORMAL
2312;32758;1*NORMAL
3878;32761;1*OPEN
3572;32763;8.189676
1043;32763;12.214641
1717;32763;-0.020233
1352;32760;0*CLOSE
610;1;0.000000
430;1;0*NORMAL
3914;32761;0*CLOSE
6222;1;0*NOT_DEF
3815;32758;0*OFF
288;1;1*OPEN
2663;32748;1*NORMAL
1035;32758;1*NORMAL
5003;1;1*ON
3303;32748;1*ABNORMAL
1288;32763;28.886734
511;1;0*OFF
2330;32759;1*NORMAL
3887;32760;1*REMOTE
2881;32761;1*NORMAL
245;1;1*AUTO
5967;1;32.550514
375;1;0*NORMAL
1447;32748;1*REMOTE
6507;1;1*ON
136;1;0*OFF
1176;32748;1*NORMAL
2307;32759;1*NORMAL
4995;1;1*ON
3655;32763;35.748550
5634;1;0*NORMAL
1016;32759;0.000000
2144;32763;36.038223
6553;1;12884.000000
742;1;21.725000
2579;32748;1*NORMAL
2819;32748;1*NORMAL
3882;32748;1*REMOTE
3189;32760;1.#QNAN0
499;1;0*OFF
2204;32748;1*NORMAL
303;1;0*OFF
701;1;463.500000
5306;32732;1.#QNAN0
1099;32759;1*NORMAL
696;1;38.000000
2954;32763;-2.485991
3136;32763;24.759995
1136;32765;14.413000
1197;32759;1.#QNAN0
3784;32759;1*NORMAL
5092;32732;3450.000000
318;1;0*NORMAL
1063;32761;0*OFF
1434;32759;1*AVAIL
3822;32759;1*NORMAL
5619;1;0*NORMAL
4959;32748;1*NORMAL
3251;32761;1*NORMAL
5170;32748;1*NORMAL
429;1;0*NORMAL
3534;32765;110.499205
1615;32761;1*NORMAL
190;1;1*OPEN
5655;1;0*NORMAL
234;1;0*NORMAL
1872;32759;1*AVAIL
1455;32759;1*AVAIL
2132;32765;1.#QNAN0
5588;1;0*NORMAL
6578;1;9.897959
4966;32743;1*NORMAL
5540;1;0*NORMAL
158;1;0*NORMAL
3441;32759;1*NORMAL
4949;32674;0.000000
1601;32740;0*OFF
6491;1;1*ON
2814;32756;39.979963
1890;32748;0*LOCAL
3076;32765;0.002794
3541;32763;0.000000
2874;32748;0*OFF
3891;32760;1*REMOTE
5466;32755;0.404645
2230;32748;1*NORMAL
3802;32759;1*NORMAL
1165;32759;1*ON
3291;32748;1*NORMAL
5524;1;0*Line_a
739;1;30.925000
5846;1;13334834176.000000
912;1;0.000000
1337;32760;98.232460
257;1;0*MANU
3842;32759;1*NORMAL
193;1;1*OPEN
205;1;0*OFF
436;1;0*NORMAL
449;1;0*OFF
1050;32748;1*NORMAL
6273;32763;33.549446
1850;32759;1*NORMAL
6245;32763;0*NONE
1029;32747;1*NORMAL
697;1;30.600000
3239;32759;0*NORMAL
1616;32759;1*NORMAL
3702;32758;1.#QNAN0
744;1;0.150000
5594;1;0*NORMAL
491;1;1*OPEN
5929;1;0.000000
1146;32765;14.464000
2427;32759;0*ENGAGE
3874;32759;1*NORMAL
6572;1;-0.204082
5179;32748;1*NORMAL
3453;32758;1*NORMAL
2342;32761;1*NORMAL
6199;1;1*HIGH
173;1;0*NORMAL
3185;32763;-0.141515
5895;1;1500.000000
3352;32759;0*OFF
5884;1;36.964474
5856;1;979200.875000
1303;32758;10.110611
6351;1;14.177000
5550;1;1.900000
1416;32759;0*NOR
2295;32759;1*NORMAL
226;1;0*NORMAL
6575;1;-0.306122
2416;32759;0*OFF
1384;32748;1*NORMAL
1365;32761;1*NORMAL
2600;32763;0.590167
1040;32763;12.219876
500;1;0*OFF
2966;32679;1*ON
5147;32761;0*ABNORMAL
6018;1;45.269997
1753;32765;21.638885
991;32759;1*NORMAL
1599;32763;9.978288
3722;32759;1*NORMAL
2424;32759;0*OFF
5534;1;0*NORMAL
6550;1;-30.039921
2277;32748;1*NORMAL
6530;1;0*OFF
2593;32763;12.860371
5564;1;2.200000
4972;32747;1*NORMAL
6316;32765;28.192060
2772;32763;2.564499
729;1;0.941500
509;1;0*OFF
192;1;1*OPEN
6524;1;0*OFF
1160;32759;1*ON
692;1;0.154250
2582;32748;1*NORMAL
2260;32761;1*NORMAL
615;1;112.000000
3886;32761;1*AUTO
561;1;0*OFF
3145;32763;68.326807
6371;1;3.198000
3521;32765;0.141986
576;1;1*ON
3488;32753;1*ON
2252;32759;1*STBY
3473;32752;0*OFF
3888;32759;1*STBY
1293;32757;66.512497
477;1;0*OFF
493;1;0*OFF
6481;1;0*OFF
638;1;-159.970000
2716;32763;5.617783
1842;32748;1*NORMAL
235;1;0*NORMAL
2256;32759;1*NORMAL
6405;1;0*OFF
3917;32759;0*OFF
5012;1;0*OFF
3068;32763;12.759594
714;1;72.550000
2349;32760;1*REMOTE
2280;32761;1*NORMAL
6427;1;0*OFF
3528;32765;2.388122
5189;32759;300.934387
5536;1;0*NORMAL
2429;32761;0*OFF
2672;32758;1*NORMAL
5585;1;0*NORMAL
1382;32761;1*NORMAL
1832;32761;0*OFF
3936;32760;0*LOCAL
6027;1;13.090000
3477;32763;5.452505
300;1;1*OPEN
305;1;0*OFF
3265;32759;1*NORMAL
249;1;1*AUTO
6038;32763;2278.449707
1361;32761;0*CLOSE
6489;1;1*ON
2220;32748;1*NORMAL
2589;32763;29.214492
2171;32759;1*NORMAL
1441;32760;1*REMOTE
5981;1;55.678276
3319;32748;1*NORMAL
1370;32761;1*NORMAL
3479;32677;0*OFF
2137;32763;36.762497
2530;32765;0.000000
1065;32761;0*OFF
2270;32761;1*NORMAL
6197;1;0*NONE
6384;1;1*ON
3484;32753;0*OFF
6496;1;1*ON
444;1;1*FWE
3147;32763;51.077093
6346;1;14.413000
3514;32759;1*NORMAL
3292;32759;1*NORMAL
5276;32764;1*NORMAL
96;1;0*NORMAL
2591;32763;1.180675
3143;32763;70.847065
6075;1;0.000000
1399;32747;1*NORMAL
5600;1;1*WARNING
3323;32748;0*NORMAL
5598;1;1*CLOSE
447;1;1*NORMAL
6503;1;1*ON
3267;32759;1*NORMAL
2718;32763;1.090103
1978;32765;60.112825
3049;32763;55.917408
2436;32765;-0.012235
3252;32761;1*NORMAL
5695;1;0*NORMAL
2508;32765;9.053596
6367;1;1.000000
6304;32765;1.#QNAN0
6329;32763;0*DISCONN
3543;32765;0.002228
6323;32765;1.#QNAN0
3720;32759;1*NORMAL
3650;32759;1*NORMAL
3020;32759;1*NORMAL
2561;32758;1*NORMAL
1442;32761;0*OFF
2745;32763;1.274368
2722;32763;-50.247772
1714;32763;0.128083
3249;32761;1*NORMAL
6350;1;14.464000
1058;32760;0*OFF
3483;32714;0*OFF
145;1;0*NORMAL
1598;32763;-1.066692
2135;32759;1*NORMAL
3280;32759;1*NORMAL
2927;32760;1*REMOTE
6201;1;0*NORMAL
3872;32759;1*NORMAL
1604;32748;1*NORMAL
2323;32759;1*NORMAL
2327;32748;0*TRIP
2366;32759;0*OFF
2670;32748;1*NORMAL
6239;32763;0*ENABLE
3050;32763;1.733645
694;1;46.925000
6049;1;0.000000
2547;32761;0*OFF
5001;1;1*ON
1396;32760;1*NORMAL
5314;32744;28.246750
1472;32760;1*REMOTE
5988;1;0.447321
3793;32748;1*NORMAL
133;1;1*GAS
5184;32747;0*STOP
440;1;0*NORMAL
655;1;0.000000
1021;32758;-0.109470
2653;32754;0.630865
1749;32759;1*NORMAL
3796;32748;1*NORMAL
3475;32763;1.405303
2305;32759;1*NORMAL
2258;32759;1*NORMAL
5309;32763;19.794144
6156;32763;1*NORMAL
2608;32765;2.249715
5894;1;1800.000000
1344;32760;0.000000
1650;32679;0*OFF
3696;32763;42.210037
3279;32759;1*NORMAL
3726;32759;1*NORMAL
6164;1;300.000000
524;1;0*OFF
2053;32758;1*NORMAL
6480;1;1*ON
2432;32761;1*ON
5888;1;1.000000
6045;1;0.000000
1849;32748;1*NORMAL
296;1;1*OPEN
2906;32759;1*NORMAL
3470;32752;1*ON
6008;1;2278.449707
3725;32759;1*NORMAL
6352;1;12.781713
6534;1;0*OFF
3140;32763;78.710318
518;1;0*OFF
657;1;0.000000
2489;32765;9.992866
2894;32747;0*NORMAL
6225;1;0*NORMAL
1066;32760;0*OFF
2933;32761;0*OFF
3100;32750;1*RUN
1741;32739;0*STOP
1192;32763;13.246222
2800;32763;38.315048
2673;32758;0*L_LOW
2982;32759;1*NORMAL
3012;32761;1*ON
6558;1;5.510204
3530;32765;13.575780
1234;32760;0*ST_BLK
2423;32761;1*REMOTE
1991;32765;0.357047
2830;32760;16.862986
5722;1;4976281.000000
3490;32753;1*ON
3848;32748;1*NORMAL
6314;32765;15.922221
1254;32759;0*ST_BLK
4984;32748;0*NOR
479;1;1*OPEN
2350;32760;1*REMOTE
3437;32748;1*NORMAL
342;1;0*NORMAL
6586;1;9.489796
3370;32763;79.973556
591;1;1*ON
3845;32761;1*NORMAL
364;1;0*OFF
605;1;14.355000
316;1;0*NORMAL
5844;1;19111047168.000000
6093;1;0.000000
6163;1;1.000000
1055;32760;0*OFF
2546;32760;0*OFF
753;1;1512.500000
298;1;0*OFF
2337;32748;1*NORMAL
596;1;0*OFF
5877;1;0.001207
1735;32756;0*STOP
5048;32765;-83.076584
2486;32761;1*NORMAL
1897;32762;0*NON
2751;32763;-63.770508
1453;32760;1*REMOTE
2680;32765;163.620777
2559;32759;1*NORMAL
3343;32759;0*NON
3738;32748;1*NORMAL
3830;32761;1*NORMAL
1409;32748;0*NOR
2942;32760;1*REMOTE
5575;1;0*NORMAL
3033;32759;1*NORMAL
5601;1;0*NORMAL
6041;1;0.000000
2412;32759;1*MSBD1
3220;32757;1*NORMAL
3277;32759;1*NORMAL
1377;32761;1*NORMAL
204;1;0*OFF
6454;1;1*ON
6563;1;9.387755
6115;32765;0.250000
6113;32751;0*OFF
101;1;0*NORMAL
2142;32763;36.948776
6044;1;8.219999
2759;32763;-78.637970
3779;32761;1*NORMAL
558;1;0*OFF
6597;1;31.946602
3724;32759;1*NORMAL
5845;1;715218.875000
3642;32763;2.094550
1634;32748;1*NORMAL
3456;32748;1*NORMAL
2744;32763;2.359695
2884;32760;1*NOR
3462;32759;1*NORMAL
6055;1;0.000000
2520;32765;598180.714955
3749;32759;1*NORMAL
271;1;0*NORMAL
6401;1;1*ON
2207;32759;1*NORMAL
2804;32763;10.013336
2067;32765;-0.910383
1275;32748;0*DISCONN
2887;32765;0*NORMAL
3338;32761;0*NORMAL
1217;32765;121.153879
3641;32763;1.500151
3935;32761;0*FOLL
1379;32759;0*OFF
5644;1;0*NORMAL
6527;1;0*OFF
5897;1;-0.600000
1333;32762;97.910706
6366;1;-123.085304
2726;32763;-66.835129
6302;32765;59.703559
1889;32760;1*REMOTE
6054;1;26.250000
516;1;0*OFF
2627;32745;0*ST_BLK
6467;1;0*OFF
6396;1;1*ON
2610;32763;111.982136
115;1;0*NORMAL
3818;32758;0*OFF
1851;32760;1*NORMAL
5613;1;0*NONE
3484;32765;0.090144
5875;1;0.000000
5311;32748;0*LOW
2242;32759;1*NORMAL
4967;32747;1*NORMAL
5576;1;1*WARNING
6372;1;25.000000
2808;32763;2.584961
1990;32765;1237.613052
365;1;0*NORMAL
1335;32760;97.335449
6549;1;0.004833
2268;32759;1*NORMAL
632;1;-132.580000
5310;32763;11.938248
5592;1;1*WARNING
1835;32760;1*NOR
3046;32765;0.275778
5653;1;0*NONE
5909;1;5.650000
2244;32760;1*NORMAL
3315;32759;1*NORMAL
6516;1;1*ON
2174;32759;1*NORMAL
3240;32759;1*NORMAL
5065;32732;-49.784454
5565;1;0*NONE
1862;32748;1*NORMAL
324;1;0*NORMAL
5855;1;25867935744.000000
2655;32765;648.016475
1756;32760;0.000000
6429;1;0*OFF
725;1;162.560000
3413;32765;1.#QNAN0
241;1;0*OFF
3789;32759;1*NORMAL
106;1;0*NORMAL
456;1;0*OFF
1027;32759;1*NORMAL
3897;32759;0*OFF
1757;32760;0.000000
1198;32759;1.#QNAN0
6231;1;0*NORMAL
2761;32763;-57.529968
2529;32765;6381.147105
4982;32748;0*NOR
5468;32765;0.404498
3274;32761;1*NORMAL
2275;32761;1*NORMAL
97;1;0*NORMAL
3929;32759;0*LOCAL
5141;32694;1*ON
532;1;0*OFF
5019;1;1*ON
3339;32765;1.#QNAN0
1705;32765;-0.003776
756;1;108.625000
2358;32759;0*OFF
475;1;0*OFF
3942;32759;1*NORMAL
3701;32758;36.865982
2902;32761;0*TRIP
6000;1;0.500000
5264;32710;0.208710
3414;32763;0.000000
6050;1;26.250000
5010;1;1*ON
3861;32748;1*NORMAL
2923;32748;1*REMOTE
2840;32765;5.241191
2056;32748;0*L_LOW
6077;1;0.000000
179;1;0*OFF
1966;32765;1883.578205
2601;32763;0.409584
5308;32732;11.014023
3801;32748;1*NORMAL
6209;1;0*NORMAL
1271;32748;0*DISCONN
580;1;1*ON
1018;32762;-0.018275
2159;32763;36.783188
1421;32759;1*NORMAL
4962;32748;1*NORMAL
3808;32759;1*NORMAL
2908;32765;0*OFF
5583;1;0*NORMAL
2004;32678;1*ON
361;1;0*NORMAL
5882;1;0.000000
6420;1;0*OFF
3753;32761;1*NORMAL
3325;32747;1*NORMAL
2518;32765;1720.192548
2728;32763;-47.466644
3896;32748;1*REMOTE
3381;32756;0*CLOSE
4960;32748;1*NORMAL
5572;1;0*NORMAL
6216;1;0*NONE
3287;32761;0*NORMAL
262;1;0*OFF
6473;1;1*ON
2326;32748;1*NORMAL
6220;1;0*NORMAL
1601;32763;10.640990
6085;1;0.000000
270;1;0*OFF
1056;32760;0*OFF
1331;32762;98.242210
2061;32765;1.599896
1038;32765;12.139037
5013;1;0*OFF
3524;32763;55.948795
2885;32760;1*TRIP
1126;32759;1*NORMAL
222;1;0*NORMAL
585;1;1*ON
3490;32765;-8.402206
5674;1;0*NORMAL
3751;32759;1*NORMAL
5667;1;0*NORMAL
6312;32765;15.922221
3262;32748;1*NORMAL
200;1;1*OPEN
2778;32763;-62.407288
465;1;0*OFF
5523;1;0*NONE
5963;1;14.177000
3523;32765;58.422310
1469;32759;0*OFF
6065;1;0.000000
1468;32760;1*REMOTE
6160;1;10000.000000
6555;1;23275.000000
3698;32763;-64.798157
1876;32761;0*OFF
1036;32765;12.224442
2264;32759;1*NORMAL
2346;32760;1*REMOTE
2356;32759;0*OFF
156;1;0*NORMAL
2816;32765;31.513691
2967;32765;8.150421
2206;32748;1*NORMAL
2580;32748;1*NORMAL
2238;32759;1*NORMAL
1642;32765;1*NORMAL
3814;32758;0*OFF
3485;32763;3.527051
3055;32763;0.768108
3115;32759;1*NORMAL
1189;32763;13.108142
5919;1;0.000000
6506;1;1*ON
3864;32748;1*NORMAL
1097;32748;1*NORMAL
2868;32761;1*NORMAL
214;1;0*OFF
5940;1;0.000028
3165;32763;184.504532
5187;32765;49.826889
1378;32761;1*NORMAL
2088;32765;-0.166397
2729;32763;-67.995926
3256;32760;1*NORMAL
562;1;1*ON
2517;32765;27369.449651
583;1;0*OFF
6331;32760;1*NORMAL
498;1;1*RUN
2417;32760;1*REMOTE
1770;32760;1.619801
3373;32748;0*OPEN
2240;32759;1*NORMAL
1606;32765;-34.070152
2510;32765;4.325330
1637;32760;1*NORMAL
4992;1;1*ON
5863;1;0.000984
2596;32763;13.128214
3768;32761;1*NORMAL
5052;32762;-72.973267
1413;32761;1*NORMAL
517;1;0*OFF
3383;32760;1*OPEN
3105;32750;1*RUN
3928;32759;0*LOCAL
332;1;0*NORMAL
5922;1;0.000161
1852;32760;1*NORMAL
6074;1;20.000000
2348;32760;1*REMOTE
1600;32763;10.682526
1011;32761;1*NORMAL
594;1;1*ON
6546;1;0.005205
1734;32708;0*STOP
5692;1;0*NORMAL
6483;1;1*ON
754;1;24.458000
5987;1;3.435805
432;1;0*NORMAL
5639;1;0*NORMAL
6495;1;1*ON
1158;32759;1*ON
6107;1;0.000000
1308;32764;-154.155000
242;1;1*OPEN
5971;1;34.481201
1205;32765;0.377203
2263;32759;1*NORMAL
5267;32764;1*NORMAL
5677;1;0*NONE
3235;32761;1*NORMAL
1695;32758;1*NORMAL
2917;32765;1*ON
1848;32759;1*NORMAL
2682;32763;7.545456
5688;1;1*WARNING
2237;32761;1*NORMAL
6297;32765;24.073032
1750;32759;1*NORMAL
2516;32765;2520.472220
5022;1;0*OFF
1613;32759;1*NORMAL
2957;32760;1*CLOSE
2212;32760;1*NORMAL
3344;32761;1*AUTO
5548;1;0.200000
5997;1;96.535645
2588;32763;27.211677
3569;32765;2.586690
1651;32730;0*OFF
1446;32759;1*AVAIL
6434;1;0*OFF
2740;32763;12.266922
3043;32763;-0.065179
6088;1;20.590000
2288;32759;1*NORMAL
3691;32763;42.811295
5690;1;0*NORMAL
3884;32760;1*REMOTE
5943;1;0.000000
6079;1;0.000000
5976;1;0.645520
6395;1;1*ON
5713;1;0.000000
6270;32763;28.192060
2566;32759;1*NORMAL
650;1;23275.000000
445;1;1*NORMAL
2322;32759;1*NORMAL
5525;1;0*NONE
5869;1;36.971088
3499;32765;-19.720894
3336;32760;1*NORMAL
3804;32759;1*NORMAL
2952;32763;79.654479
2551;32760;1*BOIL_OFF
104;1;0*NORMAL
3225;32761;1*NORMAL
100;1;0*NORMAL
618;1;-159.950000
3365;32759;1*NORMAL
700;1;463.350000
5872;1;0.691552
6099;1;0.000000
6328;32763;28.242987
2279;32761;1*NORMAL
326;1;0*NORMAL
1712;32763;-0.265211
2947;32763;69.642738
1162;32759;1*ON
1647;32763;8.747260
3190;32760;1.528430
2343;32765;1.005061
2773;32763;1.704346
3920;32748;0*LOCAL
1390;32761;1*NORMAL
180;1;0*OFF
1887;32759;0*NON
1648;32763;9.049886
2490;32765;10.592638
3535;32763;1.648955
1740;32760;0*STOP
2696;32763;-42.744568
1146;32750;0*OFF
2218;32748;1*NORMAL
3351;32760;1*AUTO
603;1;0*DEC
167;1;0*NORMAL
2697;32763;-61.564926
996;32759;1*NOR
6536;1;0*OFF
5643;1;0*NORMAL
1838;32759;1*NORMAL
5841;1;1.253789
2336;32760;1*NORMAL
3512;32758;1*NORMAL
2612;32763;0.108239
2345;32765;1.147425
5903;1;1.000000
3232;32761;1*NORMAL
5569;1;0*NORMAL
1141;32765;14.355000
1291;32763;2.728363
1623;32759;1*NORMAL
575;1;1*ON
5661;1;0*NONE
3467;32759;1*NORMAL
1164;32759;1*ON
2984;32759;1*NORMAL
642;1;-159.960000
6254;32763;0*NONE
346;1;0*NORMAL
5945;1;0.000000
1180;32747;1*NORMAL
3438;32758;1*NORMAL
2825;32763;-0.038072
2590;32763;546.691475
120;1;0*FIX
132;1;0*OFF
6100;1;4.980000
3498;32763;130.996365
3679;32765;468.133728
2991;32678;1*ON
3692;32763;53.361069
301;1;0*OFF
5890;1;1800.000000
1451;32761;0*OFF
2723;32763;-45.711914
2203;32748;1*NORMAL
2316;32748;0*NORMAL
5704;1;0*NORMAL
1607;32763;-72.700733
3871;32758;0*ABNORMAL
631;1;-108.270000
1885;32759;1*ST_BY
3821;32759;1*NORMAL
283;1;1*OPEN
2584;32748;1*NORMAL
3678;32763;22.616135
5577;1;0*NORMAL
2581;32748;1*NORMAL
2328;32759;1*NORMAL
3797;32759;1*NORMAL
5657;1;0*NORMAL
184;1;1*OPEN
6404;1;0*OFF
5697;1;0*NORMAL
706;1;0.000000
1115;32759;1*NORMAL
6484;1;0*OFF
2796;32763;-27.802048
1996;32748;1*NORMAL
3630;32750;0*STOP
4991;1;1*ON
3533;32763;12.350517
5467;32765;0.602863
1896;32762;1*OPEN
5629;1;0*NONE
6213;1;1*ALARM
1340;32761;1.240534
5578;1;0*NORMAL
699;1;0.991000
6056;1;26.250000
1369;32761;1*NORMAL
5891;1;1500.000000
3451;32758;1*NORMAL
3918;32760;1*NORMAL
3934;32760;1*REMOTE
366;1;0*NORMAL
995;32759;1*NOR
347;1;0*NORMAL
5980;1;53.431511
1631;32759;1*NORMAL
137;1;0*OFF
157;1;0*CLOSE
559;1;0*OFF
5561;1;1.300000
2509;32765;0.000000
2128;32765;1.#QNAN0
2175;32765;0.800675
311;1;1*ON
2909;32764;0*OFF
563;1;1*ON
114;1;1*RUN
6303;32765;10.069641
2695;32763;-54.434402
1639;32760;1*NORMAL
6241;32765;0*LINE_A
644;1;-159.930000
2693;32763;-2.289597
5946;1;0.000000
213;1;0*OFF
3474;32763;1.439705
5030;32765;44.947586
3127;32763;26.719528
5673;1;0*NORMAL
3335;32760;1*NORMAL
2692;32763;0.598770
1101;32759;1*NORMAL
3540;32763;7.805028
2684;32763;7.689056
3450;32758;1*NORMAL
757;1;0.154000
4981;32759;0*NOR
6571;1;-1.428571
1884;32748;1*REMOTE
1443;32759;1*AVAIL
5249;32765;98.152664
122;1;1*AUTO
3425;32759;0*NON
2374;32761;0*OFF
6052;1;26.250000
284;1;0*OFF
109;1;0*NORMAL
244;1;1*RUN
2379;32759;0*OFF
211;1;1*ON
1381;32761;1*NORMAL
2421;32760;1*REMOTE
3836;32759;1*NORMAL
134;1;0*OFF
5532;1;1*LINE_A
3843;32759;1*NORMAL
3348;32759;0*OFF
3464;32759;1*NORMAL
4970;32759;1*NORMAL
5177;32745;1*NORMAL
3342;32765;31.434965
2483;32758;0.021254
2562;32748;1*NORMAL
3513;32759;1*NORMAL
6280;32763;23.754436
1739;32749;0*STOP
6470;1;0*OFF
5497;32763;100.029320
2375;32759;0*OFF
2487;32761;1*NORMAL
1462;32760;0*OFF
3647;32748;1*NORMAL
6188;1;50.000000
1208;32765;0.587360
1758;32760;0.000000
3128;32763;26.698929
3436;32748;1*NORMAL
6191;1;300.000000
206;1;0*OFF
3131;32763;26.554489
5581;1;0*NONE
1259;32760;0*ST_BLK
602;1;0*DEC
3674;32763;153.534317
3750;32759;1*NORMAL
3018;32748;1*NORMAL
6036;32763;3745.540039
6082;1;6.099999
3863;32760;1*NORMAL
6022;1;27.540001
3832;32761;1*NORMAL
2710;32763;8.078842
6490;1;1*ON
3895;32760;1*REMOTE
431;1;0*NORMAL
5874;1;2.230168
2127;32765;1.#QNAN0
4973;32747;1*NORMAL
335;1;0*NORMAL
5703;1;1*CLOSE
1599;32756;0*OFF
3500;32760;35.887518
2987;32759;1*NORMAL
3028;32759;1*NORMAL
3035;32759;1*NORMAL
2782;32763;-45.631210
3452;32759;1*NORMAL
6365;1;-121.241821
3283;32759;1*NORMAL
3772;32761;1*NORMAL
353;1;0*NORMAL
212;1;1*ON
3531;32765;1.177212
6114;32755;0*OFF
569;1;0*OFF
6113;32760;2.314714
6319;32765;-3.745998
1030;32747;1*NORMAL
3509;32761;1*NORMAL
565;1;1*ON
108;1;0*NORMAL
3546;32763;129.927340
2900;32748;0*NOR
3139;32763;75.965956
3124;32763;141.972763
2662;32748;1*NORMAL
5847;1;1597.401367
3890;32759;0*OFF
492;1;0*OFF
3798;32759;1*NORMAL
5488;32764;0.000000
6501;1;1*ON
3721;32748;1*NORMAL
1094;32748;1*NORMAL
3477;32677;0*OFF
3826;32759;1*NORMAL
5901;1;2.500000
5105;32679;0*OFF
6559;1;6.224490
6226;1;1*ALARM
577;1;1*ON
203;1;1*INSERT
5700;1;0*NORMAL
2160;32765;298.789261
1448;32761;0*OFF
3157;32763;38.404018
360;1;0*NORMAL
1656;32763;0.573949
1179;32747;1*NORMAL
2642;32758;13.129091
2746;32763;-0.202545
3074;32764;68.489204
334;1;0*NORMAL
5032;32765;2.625946
2372;32761;1*STBY
1877;32759;1*REMOTE
3328;32759;1*NORMAL
354;1;0*NORMAL
6369;1;0.000000
1614;32759;1*NORMAL
2668;32748;1*NORMAL
3857;32748;1*NORMAL
3777;32761;1*NORMAL
623;1;-108.500000
3700;32758;25.853073
2661;32748;1*NORMAL
1656;32744;0*OFF
1891;32760;0*LOCAL
1048;32747;1*NORMAL
5562;1;1.100000
3257;32761;1*NORMAL
2784;32763;-45.913666
5586;1;0*NORMAL
1200;32759;1.#QNAN0
1597;32763;-0.430651
2890;32748;1*NORMAL
3125;32763;133.094162
4957;32759;1*NORMAL
3652;32759;1*NORMAL
3064;32763;60.338783
5623;1;0*NORMAL
5936;1;36.894402
6271;32763;53.755324
3108;32759;1*NORMAL
3430;32760;1238.119377
956;32748;1*NORMAL
3885;32759;0*NON
217;1;0*NORMAL
3837;32760;0*NORMAL
2949;32763;70.625214
1072;32761;0*OFF
1694;32758;1*NORMAL
2656;32739;1*RUN
506;1;0*OFF
2715;32763;5.576767
339;1;0*NORMAL
3443;32748;1*NORMAL
2921;32759;1*REMOTE
1999;32748;1*NORMAL
6511;1;0*OFF
505;1;0*OFF
166;1;0*NORMAL
2373;32759;1*ON
5928;1;0.172325
6475;1;1*ON
2735;32763;8.181427
3880;32763;1.#QNAN0
5714;1;0.000000
5665;1;0*NORMAL
3532;32763;0.044396
1109;32759;1*NORMAL
1347;32762;0.000000
643;1;-159.960000
5699;1;0*NORMAL
3175;32759;1*NORMAL
1060;32760;0*OFF
3658;32763;26.781448
5050;32762;-67.575699
1022;32758;0.342536
1423;32748;1*NORMAL
3487;32751;0*OFF
6478;1;0*OFF
6363;1;84801.546875
5889;1;4000.000000
224;1;0*NORMAL
3346;32760;0*OFF
3466;32759;1*NORMAL
1737;32750;0*STOP
515;1;0*OFF
6518;1;0*OFF
3021;32759;1*NORMAL
6548;1;-66.450867
3354;32759;1*AUTO
6244;32763;0*NONE
598;1;1*ON
3326;32759;1*NORMAL
4952;32747;1*NORMAL
574;1;1*ON
750;1;0.000000
2678;32763;38.863510
2721;32763;-35.039612
2738;32763;6.848083
1336;32760;0.000000
2686;32763;10.377518
1465;32760;1*REMOTE
630;1;-111.700000
6034;32763;3605.929688
6313;32765;9.169966
3247;32760;1*NORMAL
2054;32758;1*NORMAL
6108;1;6.570000
6112;1;6.580000
6237;1;1.000000
3000;32759;1*NORMAL
1464;32759;0*OFF
1993;32759;1*NORMAL
2513;32765;447.521581
6196;1;0*NONE
604;1;14.413000
3778;32748;1*NORMAL
530;1;0*OFF
3754;32761;1*NORMAL
6306;32765;0.131753
2867;32765;1*NORMAL
2755;32763;-50.630463
1114;32748;1*NORMAL
2197;32759;1*NORMAL
3903;32759;1*STBY
2666;32748;1*NORMAL
319;1;0*NORMAL
3507;32758;1*NORMAL
637;1;-160.010000
3649;32748;1*NORMAL
2278;32761;1*NORMAL
2938;32761;0*OFF
294;1;1*OPEN
2831;32760;97.997345
2239;32759;1*NORMAL
2898;32748;1*NORMAL
636;1;-159.950000
6441;1;0*OFF
1718;32765;-0.028316
1752;32761;0*HIGH
5979;1;53.186066
1010;32761;1*NORMAL
3729;32759;1*NORMAL
2875;32761;1*NORMAL
2614;32765;98.144052
3119;32763;57.627945
3077;32762;0.131024
1855;32759;1*NOR
5297;32763;1.#QNAN0
2418;32760;0*OFF
138;1;1*AUTO
6097;1;0.000000
2883;32760;1*NOR
2241;32760;1*NORMAL
3719;32759;1*NORMAL
6582;1;-0.612245
5015;1;1*ON
286;1;0*OFF
1696;32765;1.#QNAN0
6512;1;0*OFF
510;1;0*OFF
6389;1;1*ON
5554;1;2.200000
6565;1;15.714285
5181;32748;0*ABNORMAL
3925;32760;1*STBY
2246;32760;1*NORMAL
142;1;1*ON
3364;32761;1*ON
633;1;-136.710000
3135;32763;24.821854
202;1;0*OFF
6009;1;2252.029785
6576;1;-0.306122
3311;32759;1*NORMAL
1974;32765;-0.077746
1456;32760;0*LOCAL
622;1;-111.350000
3838;32747;0*NORMAL
3736;32759;1*NORMAL
587;1;0*OFF
1008;32761;1*NORMAL
3102;32751;0*STOP
3568;32765;11.989882
6094;1;9.760000
2622;32765;0*ST_BLK
503;1;0*OFF
5142;32761;1*NORMAL
2281;32759;1*NORMAL
116;1;1*RUN
5116;32732;0.260000
3651;32759;1*NORMAL
3664;32763;48.185776
2315;32759;1*NORMAL
1645;32763;12.120483
199;1;0*OFF
2353;32759;0*OFF
3840;32748;1*NORMAL
3515;32759;1*NORMAL
3823;32759;1*NORMAL
6543;1;0*OFF
6182;1;0.000000
5853;1;35.380985
1997;32758;1*NORMAL
2431;32761;1*ON
3799;32758;1*NORMAL
6175;1;3.434950
481;1;1*AUTO
5935;1;0.000000
3067;32763;9.970025
3332;32759;1*NORMAL
2765;32763;7.196747
641;1;-159.990000
3752;32761;1*NORMAL
3508;32759;1*NORMAL
1108;32758;1*NORMAL
1657;32763;0.590038
6410;1;0*OFF
6307;32765;52.108036
957;32748;1*NORMAL
2384;32759;0*OFF
126;1;0*OFF
6332;32748;1*NORMAL
3133;32763;34.011093
3828;32759;1*NORMAL
2434;32759;1*NORMAL
2597;32763;1.939164
3473;32763;0.360989
1422;32759;1*NORMAL
2913;32765;0*OFF
1869;32765;0.000000
3179;32763;1.011834
2714;32763;8.345566
2298;32759;1*NORMAL
5944;1;0.007278
336;1;0*NORMAL
3766;32759;1*NORMAL
1620;32748;0*HIGH
3070;32717;0*STOP
2967;32678;1*ON
3481;32747;0*OFF
2619;32763;110.337051
5038;32765;49.349014
6080;1;6.099999
5680;1;1*WARNING
5527;1;0*NONE
1743;32764;0*STOP
1986;32760;0*NON
1037;32765;12.231289
2515;32765;0.000000
295;1;1*OPEN
5902;1;0.100000
5991;1;60.236038
1368;32761;1*NORMAL
2149;32763;35.914078
5002;1;1*ON
3699;32763;24.533188
5896;1;23.000000
2969;32763;43.419308
745;1;0.000000
6035;32763;3756.279785
737;1;44.850000
5036;32765;53.361069
3176;32759;1*NORMAL
6046;1;26.599998
999;32760;1*NORMAL
3536;32765;56.893696
1700;32758;0*LOW
2704;32763;-67.795822
5918;1;0.000000
1602;32763;11.137544
5190;32765;298.440002
1450;32760;1*REMOTE
1079;32761;0*CLOSE
2932;32760;0*OFF
1630;32759;1*NORMAL
6298;32765;31.968754
428;1;0*OFF
487;1;1*OPEN
1182;32765;12.836062
1297;32756;10.192734
6460;1;1*ON
1113;32765;1*NORMAL
1278;32761;0*DISCONN
997;32761;1*NOR
3305;32759;0*TRIP
5899;1;0.100000
146;1;1*SET
5839;1;66430.140625
5638;1;1*CLOSE
6588;1;-1.122449
3304;32758;1*NORMAL
373;1;0*NORMAL
557;1;0*OFF
3037;32765;68.398659
3233;32761;1*NORMAL
1622;32748;1*NORMAL
735;1;7.995000
590;1;1*ON
3489;32752;0*OFF
2807;32763;23.069504
5093;32763;3449.507964
3522;32763;60.367130
1039;32765;12.190797
3048;32765;58.464642
6455;1;0*OFF
5627;1;0*NORMAL
6019;1;6.280000
6589;1;2.900000
6181;1;0.000000
1470;32760;1*REMOTE
3435;32758;1*NORMAL
5685;1;0*NONE
1068;32760;0*OFF
148;1;0*OFF
5604;1;0*NORMAL
4986;32748;0*NOR
3633;32750;0*STOP
3479;32765;0.952485
5933;1;0.000000
2259;32759;1*NORMAL
1419;32759;1*NORMAL
466;1;0*OFF
1892;32760;1*REMOTE
3723;32759;1*NORMAL
5926;1;0.661707
3790;32759;1*NORMAL
2694;32763;-33.601563
6431;1;0*OFF
2971;32765;12.802416
2943;32760;1*REMOTE
5664;1;1*WARNING
5982;1;37.936615
5537;1;0*NORMAL
3945;32763;62.853634
435;1;0*OFF
2303;32758;1*NORMAL
307;1;0*OFF
3773;32759;1*NORMAL
3193;32760;31.191587
2685;32763;8.879105
5597;1;0*NONE
2140;32763;36.824570
1244;32760;0*ST_BLK
6215;1;0*NOT_DEF
1389;32761;1*NORMAL
1194;32763;16.849041
1440;32748;1*AVAIL
5539;1;0*NORMAL
231;1;0*NORMAL
3320;32748;1*NORMAL
442;1;0*NORMAL
3758;32759;1*NORMAL
3309;32758;1*NORMAL
905;1;300.000000
2255;32759;1*NORMAL
3242;32761;1*NORMAL
6002;1;2749.489746
2821;32748;1*NORMAL
3246;32761;1*NORMAL
6560;1;0.816327
5681;1;0*NORMAL
3810;32758;1*NORMAL
5927;1;0.000000
6219;1;1*ALARM
3019;32759;1*NORMAL
2637;32760;1*NONE
3937;32761;0*ABNORMAL
3412;32765;-77.105435
1091;32759;1*NORMAL
3740;32747;1*NORMAL
2286;32761;1*NORMAL
2950;32763;-0.389585
1061;32761;0*OFF
2300;32759;1*NORMAL
236;1;0*NORMAL
536;1;0*OFF
2756;32763;-70.835617
2690;32763;0.783035
3129;32763;26.430710
2813;32763;3.568283
3270;32748;1*NORMAL
5961;1;14.355000
529;1;0*OFF
3075;32764;68.489204
5593;1;0*NORMAL
1458;32760;1*REMOTE
3827;32759;1*NORMAL
1894;32761;0*GUS02
5014;1;1*ON
3733;32748;1*NORMAL
6166;1;0.000000
266;1;1*OPEN
3107;32759;1*NORMAL
5852;1;1.251868
5691;1;0*NORMAL
1893;32748;1*OFF
2749;32763;-55.540359
2988;32758;1*NORMAL
279;1;0*OFF
1600;32740;0*OFF
2991;32765;1.055717
484;1;0*OFF
3123;32763;25.997482
5296;32763;1.#QNAN0
2233;32759;1*NORMAL
2681;32765;163.337383
163;1;0*NORMAL
5573;1;1*OPEN
1201;32763;-0.068326
2889;32759;1*NORMAL
384;1;0*NORMAL
702;1;34.100000
5865;1;0.000000
328;1;0*NORMAL
2727;32763;-61.123581
3763;32761;1*NORMAL
198;1;0*OFF
2055;32759;1*NORMAL
2313;32748;1*NORMAL
1761;32765;0.000000
5984;1;93.308395
1457;32760;1*REMOTE
6247;32763;0*NONE
3915;32760;0*LOCAL
2347;32760;1*REMOTE
6252;1;0.000000
2173;32748;1*NORMAL
3538;32765;7.268691
3230;32761;1*NORMAL
5621;1;0*NONE
3483;32765;0.705472
1121;32748;1*NORMAL
2333;32759;1*NORMAL
1204;32765;0.593889
98;1;1*OPEN
107;1;0*NORMAL
3363;32761;1*REMOTE
656;1;0.000000
1435;32760;1*REMOTE
3851;32759;1*NORMAL
738;1;38.000000
3045;32765;-0.050754
468;1;0*OFF
533;1;1*ON
3486;32679;0*OFF
121;1;1*AUTO
1023;32758;-0.561512
3424;32765;1.#QNAN0
2574;32748;1*NORMAL
1088;32759;1*NORMAL
3727;32759;1*NORMAL
3468;32748;1*NORMAL
123;1;1*AUTO
3299;32759;1*NORMAL
2797;32763;3.732208
6233;1;1*ALARM
6070;1;20.000000
3434;32748;1*NORMAL
1994;32759;1*NORMAL
2930;32748;0*LOCAL
5898;1;3.100000
1650;32763;3.654641
2893;32748;0*NOR
5870;1;0.564353
5547;1;0.500000
1105;32759;1*NORMAL
3807;32759;1*NORMAL
280;1;0*OFF
457;1;0*OFF
1009;32761;1*NORMAL
6411;1;0*OFF
2557;32759;1*NORMAL
5559;1;0.200000
6021;1;81.519989
2753;32763;-65.112976
1017;32762;-0.018275
5848;1;2.992727
6412;1;0*OFF
2309;32759;1*NORMAL
5120;32732;2749.489746
2879;32761;1*NORMAL
6437;1;0*OFF
3297;32761;1*NORMAL
988;32760;1*NORMAL
6592;1;91.000000
219;1;0*NORMAL
3321;32759;1*NORMAL
3906;32761;0*DISENGAG
747;1;0.017500
3841;32748;1*NORMAL
383;1;1*RUN
6071;1;0.000000
718;1;23.710000
627;1;-83.370000
183;1;0*OFF
2253;32759;1*NORMAL
2763;32763;10.829208
2163;32763;39.723373
5529;1;0*NORMAL
103;1;0*NORMAL
2296;32762;0*START
2968;32763;0.000000
3927;32759;0*LOCAL
5646;1;1*CLOSE
3686;32763;5.351273
462;1;1*ECR
6568;1;12.244898
497;1;1*CLOSE
2706;32763;-52.140610
2970;32765;12.801977
624;1;-79.870000
6092;1;9.760000
652;1;0.000000
5563;1;2.100000
2644;32758;12.521982
289;1;1*OPEN
1274;32760;0*DISCONN
2247;32759;1*NORMAL
2750;32763;-71.734848
6311;32765;15.931705
1628;32759;1*NORMAL
1679;32694;1*ON
494;1;1*OPEN
5886;1;49.199989
646;1;-159.930000
2832;32760;0.000000
3318;32759;1*NORMAL
2586;32765;1.160843
2283;32761;1*NORMAL
1053;32748;0*OFF
1641;32748;1*NORMAL
2958;32765;97.501040
6255;32763;1*STOP
2766;32763;6.171356
5723;1;1555.727417
2355;32760;1*REMOTE
3101;32750;0*STOP
2320;32759;1*NORMAL
3794;32747;1*NORMAL
2139;32763;37.714645
1351;32760;0*CLOSE
1843;32765;1*NORMAL
2254;32758;1*NORMAL
269;1;1*ON
3258;32759;1*NORMAL
252;1;0*OFF
3852;32759;1*NORMAL
6514;1;0*OFF
3266;32759;1*NORMAL
6474;1;0*OFF
6309;32765;40.165634
5530;1;0*NORMAL
5693;1;0*NONE
704;1;8.325000
2357;32760;1*REMOTE
3062;32765;68.606316
3029;32759;1*NORMAL
2221;32747;1*NORMAL
3574;32763;3.853398
3314;32759;1*NORMAL
2809;32763;-68.396072
2764;32763;9.227997
3646;32765;29.952782
2257;32761;1*NORMAL
3947;32760;1*OPEN
2552;32760;1*LNG
2380;32748;0*OFF
5858;1;97.704224
486;1;0*OFF
2354;32760;1*REMOTE
3501;32759;1*NORMAL
6217;1;0*NORMAL
3122;32763;26.678268
3454;32759;1*NORMAL
6020;1;0.740000
2276;32761;1*NORMAL
3183;32763;1.344926
6398;1;1*ON
1417;32759;0*NOR
2940;32760;1*REMOTE
3709;32763;7.896763
1177;32759;1*NORMAL
293;1;1*OPEN
218;1;0*NORMAL
6198;1;0*NORMAL
6354;1;12.787347
6508;1;1*ON
5907;1;23.000000
5617;1;0*NORMAL
5571;1;0*NORMAL
2062;32765;-0.043137
2415;32760;1*REMOTE
3282;32760;1*NORMAL
3316;32747;1*NORMAL
3904;32760;1*REMOTE
3944;32763;1.#QNAN0
6361;1;112.005892
2164;32763;32.295181
2302;32758;1*NORMAL
3372;32760;1*OPEN
6026;1;3.460000
6184;1;0.000000
1216;32765;121.761189
323;1;0*OFF
1704;32763;742.852236
2774;32763;-0.980225
2792;32765;53.733850
2003;32759;1*NORMAL
2965;32762;1*NORMAL
3268;32761;1*NORMAL
6301;32765;9.169966
149;1;0*OFF
6509;1;1*ON
3683;32763;14.506821
6406;1;0*OFF
4963;32748;1*NORMAL
5854;1;22930997248.000000
6086;1;18.879997
2769;32763;7.299301
2810;32763;3.158554
3310;32756;1*NORMAL
3805;32758;1*NORMAL
3571;32765;2.586690
2709;32763;9.946396
5716;1;0.000000
5916;1;0.005830
186;1;0*OFF
5973;1;13.917467
2292;32759;1*NORMAL
1224;32764;0*ST_BLK
2005;32765;-19.300714
3224;32761;1*NORMAL
3174;32759;1*NORMAL
2576;32748;1*NORMAL
3103;32749;1*RUN
5018;1;1*ON
5091;32763;2211.880623
6440;1;1*ON
3926;32760;0*LOCAL
6043;1;0.000000
6251;1;0.000000
5974;1;0.303020
531;1;0*OFF
5687;1;0*NORMAL
338;1;0*NORMAL
2362;32748;0*OFF
3575;32762;0.125938
1034;32758;1*NORMAL
2352;32760;1*REMOTE
3027;32759;1*NORMAL
3757;32761;1*NORMAL
2000;32759;1*NORMAL
6417;1;0*OFF
3812;32758;0*OFF
247;1;1*AUTO
5660;1;0*NORMAL
5248;32765;97.964218
6202;1;1*HIGH
6305;32765;1.#QNAN0
1764;32765;0.000000
2360;32760;1*REMOTE
3883;32760;0*LOCAL
2936;32748;1*ON
3260;32761;0*BACKUP
4953;32748;0*ESD
1895;32762;1*OPEN
6447;1;0*OFF
6103;1;0.000000
2503;32765;0.000000
5110;32762;-58.746198
1002;32748;1*NORMAL
1678;32695;1*ON
6060;1;26.250000
5860;1;0.000000
2955;32763;0.312406
5618;1;0*NORMAL
5993;1;55.448753
5908;1;1.125000
6388;1;1*ON
2698;32763;-72.973267
2294;32748;1*NORMAL
3298;32759;1*NORMAL
3870;32748;1*NORMAL
5953;1;0.000000
2495;32765;0.238027
2748;32763;-37.104324
2208;32761;1*NORMAL
6300;32765;1.#QNAN0
5027;32748;1*NORMAL
3345;32761;1*NORMAL
6413;1;0*OFF
161;1;0*NORMAL
6277;32763;23.062244
210;1;1*ON
1828;32748;1*NORMAL
5587;1;0*NORMAL
1346;32760;0.000000
713;1;31.575000
233;1;0*NORMAL
3378;32760;0*CLOSE
6452;1;1*ON
5176;32764;1*NORMAL
6360;1;0.000000
6380;1;6.000000
2311;32758;1*NORMAL
3900;32760;1*NORMAL
6502;1;1*ON
5686;1;1*CLOSE
3517;32759;1*NORMAL
1196;32763;18.085718
3516;32761;0*LOW
6552;1;-7.049982
377;1;0*NORMAL
3855;32762;1*NORMAL
2202;32761;1*NORMAL
6076;1;20.000000
5622;1;1*CLOSE
1364;32761;1*NORMAL
1621;32747;0*HIGH
3893;32761;1*REMOTE
6047;1;0.000000
6409;1;0*OFF
3327;32759;1*NORMAL
5303;32748;1*NORMAL
2225;32747;1*NORMAL
438;1;0*NORMAL
99;1;1*AUTO
458;1;0*OFF
2231;32748;1*NORMAL
6505;1;1*ON
582;1;1*ON
1292;32763;2.113907
3547;32763;9.564494
6439;1;1*ON
743;1;21.675000
3688;32763;136.506119
2650;32755;0.411135
3361;32760;1*NORMAL
4968;32747;1*NORMAL
3300;32761;0*NORMAL
1309;32764;-153.437500
5724;1;2.918574
263;1;0*OFF
5954;1;0.000000
2767;32763;14.239578
5871;1;49.213806
2377;32761;0*OFF
6449;1;0*OFF
3221;32748;1*NORMAL
2058;32765;0.147730
240;1;0*MAN
3745;32760;1*NORMAL
3941;32760;0*OFF
2985;32748;1*NORMAL
209;1;1*ON
3234;32761;1*NORMAL
5705;1;0*NORMAL
1033;32758;1*NORMAL
215;1;0*NORMAL
5606;1;1*CLOSE
1609;32765;-44.160560
6477;1;0*OFF
6315;32765;22.151962
2918;32763;1.380175
461;1;0*OFF
5656;1;1*WARNING
3053;32763;3.046550
3731;32748;1*NORMAL
3781;32748;1*NORMAL
539;1;0*OFF
600;1;1*ON
2708;32763;7.422394
3809;32758;1*NORMAL
5995;1;45.236511
2511;32765;40444.971027
5182;32748;1*NORMAL
1178;32759;1*NORMAL
5920;1;0.000000
2351;32759;0*OFF
6584;1;12.448979
3839;32747;1*NORMAL
3475;32752;0*OFF
6419;1;0*OFF
6459;1;0*OFF
1711;32763;0.448295
3410;32763;0.517038
2713;32763;10.603378
913;1;0.000000
2583;32748;1*NORMAL
3677;32763;26.637009
2835;32760;97.448174
2141;32763;36.865982
169;1;0*NORMAL
379;1;1*RUN
5850;1;68117.945313
2066;32765;-0.314539
1646;32763;8.872519
6585;1;13.061224
6243;32763;0*NONE
5582;1;1*CLOSE
3065;32763;143.375549
3016;32761;1*NORMAL
3788;32748;1*NORMAL
3687;32763;8.653351
1707;32763;0.093798
3775;32759;1*NORMAL
1418;32759;1*NORMAL
3718;32748;1*NORMAL
3254;32759;0*TRIP
5969;1;33.802246
3862;32759;1*NORMAL
308;1;1*ON
6072;1;20.000000
1763;32765;0.000000
434;1;0*NORMAL
1301;32758;10.028488
1738;32750;0*STOP
3387;32759;0*CLOSE
2972;32763;62.927649
3031;32765;1*NORMAL
2569;32748;1*NORMAL
5615;1;0*NORMAL
6206;1;0*NORMAL
225;1;0*NORMAL
5998;1;14.435410
693;1;-0.150000
2476;32761;1*NORMAL
6515;1;0*OFF
2828;32760;0.000000
3161;32763;21.441727
221;1;0*NORMAL
5905;1;10.000000
6069;1;0.000000
3333;32759;1*NORMAL
6240;32763;0*LOCAL
490;1;0*OFF
2162;32763;40.365585
6482;1;0*OFF
3349;32761;0*MAN
1454;32761;0*OFF
299;1;1*OPEN
2573;32758;1*NORMAL
5986;1;1.675075
3377;32760;0*CLOSE
2916;32763;2636.523318
5956;32748;0*NORMAL
3710;32765;6.328815
472;1;1*DIRECT
5542;32763;1*NORMAL
6059;1;0.000000
5269;32760;1*NORMAL
2133;32759;1*NORMAL
2365;32760;1*REMOTE
3656;32763;40.821438
1383;32748;0*OFF
1985;32765;54828.068752
6583;1;-0.204082
1863;32759;1*NORMAL
2324;32748;1*NORMAL
350;1;0*NORMAL
6531;1;0*OFF
2676;32763;32.134033
139;1;0*ECC
3071;32684;0*STOP
592;1;1*ON
5556;1;1.900000
758;1;23.300000
5881;1;0.000000
1438;32748;1*REMOTE
1845;32760;0*ABNOR
2897;32748;1*NORMAL
3226;32761;1*NORMAL
6010;1;0.280000
5107;32765;8.508007
1833;32761;0*OFF
629;1;-110.100000
124;1;1*AUTO
6453;1;0*OFF
1181;32765;12.777087
3542;32765;6.781345
382;1;0*NORMAL
3481;32763;0.301840
3228;32761;1*NORMAL
3774;32759;1*NORMAL
1649;32763;8.979374
3166;32763;36.224442
6408;1;0*OFF
3295;32759;1*NORMAL
6014;1;84.769989
1624;32759;1*NORMAL
525;1;0*OFF
3487;32763;2.124807
3353;32760;1*AUTO
3931;32760;1*STBY
2609;32763;156.018633
3480;32745;0*OFF
329;1;0*NORMAL
3707;32759;1*NORMAL
2771;32763;9.022736
455;1;0*OFF
2980;32765;1.#QNAN0
273;1;0*OFF
2616;32763;13.192463
6451;1;0*OFF
6529;1;0*OFF
2812;32763;3.424866
6012;1;4.099999
1645;32714;0*OFF
170;1;0*NORMAL
362;1;0*NORMAL
5148;32748;0*ABNORMAL
2558;32758;1*NORMAL
254;1;0*NORMAL
2492;32765;11.208251
6068;1;22.079998
3121;32763;32.253860
520;1;0*OFF
2287;32759;1*NORMAL
3306;32759;1*NORMAL
2878;32761;1*NORMAL
6444;1;1*ON
6192;1;1.000000
135;1;0*OFF
2166;32763;12.739426
2301;32759;1*NORMAL
5319;32693;67.139084
970;32759;1*NORMAL
3259;32759;1*NORMAL
659;1;0.000000
4996;1;1*ON
2818;32758;31.946602
3059;32765;0.958949
1388;32761;1*NORMAL
1285;32763;43.516342
3829;32759;1*NORMAL
6106;1;2.000000
3413;32718;0*NON
1655;32763;0.089742
4987;32748;0*NOR
2150;32763;35.976151
711;1;-0.900000
5465;32755;0.602863
1209;32765;0.369693
3313;32759;1*NORMAL
6538;1;0*OFF
5043;32765;27.710068
6242;32765;0*FWA
2963;32762;1*NORMAL
2271;32759;1*NORMAL
5610;1;0*NORMAL
6208;1;0*NORMAL
3576;32759;50.887600
351;1;0*NORMAL
450;1;1*STOP
5568;1;1*WARNING
5607;1;0*NORMAL
3938;32760;0*LOCAL
4983;32764;0*NOR
3728;32759;1*NORMAL
1708;32763;0.336283
570;1;0*OFF
5970;1;34.205727
1207;32765;0.392612
454;1;0*OFF
3411;32765;1.#QNAN0
3782;32759;1*NORMAL
549;1;0*OFF
3741;32748;1*NORMAL
573;1;1*ON
3527;32765;0.807628
356;1;0*NORMAL
5549;1;1.200000
3058;32763;2.361848
2306;32759;1*NORMAL
3811;32747;0*OFF
5678;1;1*CLOSE
5892;1;10.000000
2978;32765;0.400000
5053;32732;-71.954620
5914;1;0.000000
6535;1;0*OFF
540;1;0*OFF
4969;32760;1*NORMAL
6167;1;0.000000
6418;1;0*OFF
6058;1;26.250000
972;32748;1*NORMAL
3288;32760;1*NORMAL
6393;1;0*OFF
578;1;1*ON
6462;1;1*ON
6200;1;0*NORMAL
2391;32759;0*OFF
2548;32765;0*OFF
3519;32765;2.955579
1873;32761;0*OFF
640;1;-159.930000
2781;32763;-67.955917
2310;32758;1*NORMAL
6547;1;0.005011
5553;1;1.500000
2937;32760;0*OFF
6275;32763;24.284957
1452;32759;1*AVAIL
3901;32760;0*OFF
1439;32761;0*OFF
3537;32765;7.263969
514;1;0*OFF
3187;32765;42.864098
2065;32765;-0.125816
1603;32748;1*NORMAL
2945;32760;1*REMOTE
3817;32758;0*OFF
1125;32759;1*NORMAL
3910;32761;0*OFF
352;1;0*NORMAL
6032;32763;2249.020020
2823;32761;0*NOR
1619;32759;0*HIGH
2946;32763;96.084572
117;1;0*NORMAL
3155;32763;153.212570
5312;32744;53.756332
2924;32758;0*LOCAL
2536;32765;0.000000
1602;32740;0*OFF
3455;32759;1*NORMAL
2261;32759;1*NORMAL
5538;1;0*NORMAL
716;1;58.500000
5923;1;36.899956
1449;32759;1*AVAIL
1647;32678;0*OFF
6339;32763;30.766098
5861;1;0.084643
140;1;1*OPEN
268;1;1*ON
5921;1;0.000506
5307;32765;12.390152
1837;32759;1*NORMAL
2648;32755;0.589892
5879;1;0.000453
3388;32759;0*CLOSE
5484;32744;10.336441
2219;32748;1*NORMAL
6218;1;1*ALARM
165;1;0*NORMAL
741;1;1122.160000
755;1;23.926000
2232;32759;1*NORMAL
6421;1;0*OFF
724;1;0.000000
548;1;0*OFF
150;1;0*OFF
1184;32765;12.764665
1273;32760;0*DISCONN
131;1;0*MAN
1392;32761;1*NORMAL
5851;1;1274.647949
130;1;0*OFF
3359;32748;1*REMOTE
1338;32760;1.324514
3231;32761;1*NORMAL
3263;32759;1*NORMAL
1028;32759;1*NORMAL
2959;32765;92.559462
3331;32748;1*NORMAL
181;1;0*OFF
5977;1;0.943493
2138;32763;37.424820
2165;32763;1.929611
3654;32748;1*NORMAL
471;1;0*OFF
2282;32761;1*NORMAL
2888;32748;0*NORMAL
2331;32762;1*NORMAL
3612;32750;0*STOP
3465;32759;1*NORMAL
2560;32758;1*NORMAL
6246;32763;1*START
1839;32761;1*NORMAL
3705;32759;1*NORMAL
3856;32760;1*NORMAL
2153;32763;36.245132
1219;32764;0*ST_BLK
6523;1;0*OFF
1214;32763;12.181568
1106;32758;1*NORMAL
3873;32748;0*ABNORMAL
3850;32759;1*NORMAL
5580;1;0*NORMAL
2892;32761;1*NORMAL
3730;32748;1*NORMAL
6229;1;0*NOT_DEF
2707;32763;-76.864182
4948;32674;0.000000
6528;1;0*OFF
5609;1;0*NORMAL
3919;32760;0*OFF
3742;32761;1*NORMAL
6279;32763;15.922221
3350;32759;1*STBY
740;1;0.000000
2724;32763;-64.572067
1186;32763;12.924004
3734;32748;1*NORMAL
3273;32761;1*NORMAL
5589;1;0*NONE
459;1;0*OFF
1879;32761;0*OFF
2944;32760;1*REMOTE
6325;32765;0.022380
909;1;0.000000
6083;1;0.000000
3767;32760;1*NORMAL
5996;1;31.893024
473;1;0*OFF
5642;1;0*NORMAL
5939;1;0.097384
5186;32748;1*RUN
1107;32759;1*NORMAL
5666;1;0*NORMAL
2901;32759;1*TRIP
5250;32765;97.690979
1874;32760;1*REMOTE
3820;32759;1*NORMAL
6190;1;0.000000
6015;1;228.000000
3284;32761;0*NORMAL
522;1;0*OFF
728;1;23.996000
2992;32754;1*ON
2475;32761;1*NORMAL
6053;1;0.000000
6171;1;1.006933
3457;32757;1*NORMAL
5301;32759;0*ABNORMAL
1373;32761;1*NORMAL
5675;1;0*NORMAL
3169;32763;90.196548
1436;32761;0*OFF
3760;32761;1*NORMAL
3881;32763;1.#QNAN0
3382;32760;1*OPEN
721;1;7.995000
6066;1;22.079998
359;1;0*NORMAL
5913;1;0.658256
5883;1;0.000000
2002;32748;1*NORMAL
6031;1;10.969999
2129;32763;1.#QNAN0
2314;32759;1*NORMAL
368;1;0*NORMAL
6430;1;0*OFF
3132;32763;32.212540
1032;32747;1*NORMAL
2001;32759;1*NORMAL
2474;32761;1*NORMAL
105;1;0*NORMAL
6030;1;1.580000
2815;32756;30.107965
749;1;62.975000
5912;1;99.161072
2701;32763;-43.491730
1393;32748;1*NORMAL
1747;32748;1*NORMAL
3792;32761;1*NORMAL
6013;1;0.000000
1410;32758;0*NOR
3491;32680;0*OFF
1059;32760;0*OFF
2555;32760;0*OFF
613;1;112.000000
2428;32760;0*OFF
2505;32763;40444.971027
5651;1;0*NORMAL
2645;32763;12.802416
6520;1;0*OFF
1005;32761;1*NORMAL
237;1;0*NORMAL
6422;1;0*OFF
6466;1;1*ON
2437;32765;1.185928
5843;1;17425729536.000000
2385;32759;0*OFF
1702;32759;1*NORMAL
6178;1;0.000000
1888;32758;0*LOCAL
614;1;112.000000
2575;32748;1*NORMAL
485;1;1*OPEN
5620;1;0*NORMAL
6542;1;0.100000
3539;32763;21.621037
1751;32761;0*HIGH
6525;1;0*OFF
2176;32765;-0.296849
1773;32765;0.000000
3912;32761;0*CLOSE
5679;1;0*NORMAL
731;1;471.000000
1123;32748;1*NORMAL
2501;32763;0.000000
5938;1;96.899048
989;32759;1*NORMAL
152;1;0*NORMAL
2262;32761;1*NORMAL
6457;1;0*OFF
1006;32761;1*NORMAL
5663;1;0*NORMAL
1206;32765;0.595082
1977;32765;54.940969
5206;32693;1*ON
2649;32755;0.409302
3446;32759;1*NORMAL
4955;32748;1*NORMAL
5560;1;0.600000
3178;32763;0.736474
2990;32759;1*NORMAL
2880;32748;0*OFF
1069;32760;0*OFF
1644;32680;0*OFF
5983;1;89.385315
174;1;0*NORMAL
2677;32763;31.753296
971;32748;1*NORMAL
3278;32759;1*NORMAL
5985;1;15.605139
5021;1;0*OFF
5649;1;0*NORMAL
2334;32759;1*NORMAL
5708;1;0*NORMAL
2752;32763;-65.653778
3892;32759;1*STBY
5706;1;0*NONE
3355;32748;1*AUTO
1975;32765;0.000000
6580;1;7.959184
6370;1;100.000000
501;1;0*OFF
3360;32761;1*READY
2598;32763;13.183348
3330;32759;1*NORMAL
1965;32765;-7.140823
581;1;1*ON
5115;32732;0.500000
958;32748;1*NORMAL
1420;32759;1*NORMAL
6355;1;12.764633
314;1;0*NORMAL
3261;32761;1*NORMAL
1654;32763;0.104412
2806;32763;1.#QNAN0
2904;32759;1*NORMAL
3488;32763;5.829927
3834;32748;1*NORMAL
1397;32760;1*NORMAL
1411;32760;0*NOR
119;1;1*AUTO
2293;32759;1*NORMAL
1988;32765;0.492036
2699;32763;-63.509933
1031;32758;1*NORMAL
6540;1;0*OFF
3250;32759;1*NORMAL
3290;32761;0*NORMAL
3765;32759;0*TRIP
1898;32762;0*NON
2433;32759;1*NORMAL
608;1;0.010000
6024;1;16.349998
5698;1;0*NORMAL
2274;32759;1*NORMAL
3665;32763;48.975082
1473;32761;1*BOSTON
277;1;0*OFF
1334;32762;0.000000
3158;32765;490.941895
1372;32761;1*NORMAL
255;1;0*OFF
6383;1;3.691223
595;1;0*OFF
6544;1;0*OFF
2069;32765;-0.874089
5885;1;0.564468
2817;32757;25.997482
566;1;1*ON
1871;32748;1*REMOTE
3356;32759;1*AUTO
1042;32763;12.196291
528;1;0*OFF
2919;32763;-0.057779
3494;32765;149.983459
3072;32684;1*RUN
601;1;0*NORMAL
3672;32763;72.825516
141;1;1*OPEN
376;1;0*NORMAL
3312;32760;1*NORMAL
3943;32761;1*NORMAL
720;1;1477.500000
1856;32748;0*ABNOR
5004;1;1*ON
1715;32763;0.016908
2556;32765;1*NORMAL
1174;32747;1*NORMAL
3489;32763;2.769405
6581;1;8.979592
5031;32765;40.614212
3819;32758;1*NORMAL
3529;32763;0.418483
201;1;1*OPEN
5904;1;34.922001
3379;32760;0*CLOSE
3518;32763;4.350436
3289;32759;1*NORMAL
5614;1;1*CLOSE
588;1;0*OFF
2907;32748;0*ALARM
5005;1;0*OFF
2647;32758;112.260590
3237;32761;1*NORMAL
285;1;0*OFF
5710;1;0*NORMAL
2180;32765;0.171393
2989;32762;1*NORMAL
3163;32763;38.111858
302;1;0*OFF
5717;1;1.119438
3908;32759;1*READY
723;1;48.750000
3644;32763;3.064458
2689;32763;5.105270
6368;1;-159.684097
2939;32759;1*REMOTE
1830;32748;1*NORMAL
5636;1;0*NORMAL
6425;1;0*OFF
1701;32747;1*NORMAL
5017;1;1*ON
3866;32759;0*OFF
1270;32748;0*DISCONN
969;32759;1*NORMAL
3894;32759;1*STBY
2811;32763;3.588760
291;1;1*OPEN
3520;32765;2.592982
5720;1;6603292.000000
3824;32759;1*NORMAL
367;1;0*NORMAL
1767;32765;1.346496
182;1;0*OFF
1759;32765;0.000000
1858;32761;0*NOR
6347;1;1*ON
4946;32765;0.000000
2211;32748;1*NORMAL
2063;32765;58.102356
355;1;0*NORMAL
467;1;0*STOP
3369;32763;0.133044
1375;32748;0*OFF
2925;32760;0*LOCAL
1719;32763;0.441046
6498;1;1*ON
2393;32761;0*OFF
2829;32760;0.000000
6433;1;0*OFF
3110;32759;1*NORMAL
611;1;0.010000
5900;1;1.400000
6095;1;0.000000
3735;32759;1*NORMAL
330;1;0*NORMAL
653;1;0.000000
2664;32748;1*NORMAL
2602;32763;0.411135
6064;1;23.594997
616;1;-159.940000
3219;32748;1*NORMAL
6392;1;0*OFF
3545;32763;146.637707
6326;32746;0*NT_OPEN
2717;32763;1.499603
5648;1;1*WARNING
2873;32761;1*NORMAL
3776;32761;1*NORMAL
2834;32760;0.000000
5880;1;0.000918
162;1;0*NORMAL
2250;32759;1*NORMAL
3636;32750;0*STOP
6091;1;0.000000
2147;32763;36.203751
2739;32763;4.941284
6040;32763;4.099999
1159;32759;1*ON
5624;1;1*WARNING
3675;32763;41.443130
521;1;0*OFF
543;1;0*OFF
3544;32763;6.579134
489;1;1*OPEN
1745;32749;0*STOP
2318;32757;1*NORMAL
3118;32763;51.053024
1713;32763;-0.253904
2641;32758;12.521982
6276;32763;22.151962
5949;1;37.923138
695;1;47.200000
2732;32763;-79.414825
3645;32765;0.000000
5999;1;21.376225
6057;1;0.000000
6500;1;1*ON
1987;32765;2856.698980
325;1;0*NORMAL
1211;32763;0.113226
2920;32759;1*REMOTE
2592;32763;20.107698
2951;32763;-0.969213
6438;1;1*ON
5037;32765;46.441757
3876;32760;1*NORMAL
751;1;162.560000
628;1;-107.810000
2243;32759;1*NORMAL
6487;1;1*ON
3458;32759;1*NORMAL
1605;32758;1*NORMAL
164;1;0*NORMAL
2369;32759;0*OFF
2213;32760;1*NORMAL
6260;32753;4.602789
2497;32765;0.000000
246;1;0*FIX
703;1;58.480000
3334;32759;1*NORMAL
3149;32763;40.303421
6109;1;0.200000
658;1;0.000000
4997;1;1*ON
6180;1;0.000000
1193;32763;18.714666
6214;1;0*NOT_DEF
2223;32760;1*NORMAL
6436;1;1*ON
2554;32758;0*OFF
5654;1;1*CLOSE
1846;32748;1*NORMAL
710;1;116.875000
5476;32678;1*ON
6432;1;0*OFF
2179;32765;445.187073
6177;1;0.000000
2833;32765;97.921776
3695;32763;185.955856
2484;32758;-0.021255
6204;1;0*NORMAL
2675;32763;161.566055
3463;32758;1*NORMAL
248;1;1*AUTO
5041;32762;45.985123
6349;1;14.355000
340;1;0*NORMAL
189;1;1*OPEN
527;1;0*OFF
1742;32759;0*STOP
6221;1;0*NORMAL
2382;32759;0*OFF
2876;32761;1*NORMAL
2620;32763;17.821646
439;1;0*OFF
5637;1;0*NONE
3673;32763;-52.411697
2568;32748;1*NORMAL
2364;32760;0*LOCAL
5859;1;2.208670
2872;32761;1*NORMAL
5531;1;0*NORMAL
1163;32759;1*ON
2956;32759;1*CLOSE
2214;32748;1*NORMAL
507;1;0*OFF
5264;32679;0*OFF
5878;1;0.000717
6561;1;11.632653
6468;1;1*ON
1398;32760;1*NORMAL
553;1;0*OFF
1989;32765;1.980543
1995;32759;1*NORMAL
2335;32748;1*NORMAL
1203;32765;0.384006
1611;32763;11.457170
1625;32759;1*NORMAL
2983;32759;1*NORMAL
2953;32763;79.935488
2126;32765;6.015769
2595;32763;12.467481
6402;1;0*OFF
5591;1;0*NORMAL
2199;32759;1*NORMAL
3376;32760;1*OPEN
5937;1;49.378860
6016;1;228.380005
6464;1;1*ON
3478;32677;0*OFF
250;1;1*AUTO
